Customer_ID,Age,Account_Age_Months,Avg_Monthly_Transactions,Last_Login_Days_Ago,Support_Tickets_Last_6M,Feature_Usage_Score,Avg_Monthly_Revenue_INR,Churned
CUST10000,36,2,55,22,0,5.2,420.06,0
CUST10001,55,54,14,60,6,6.8,295.83,0
CUST10002,49,27,47,73,0,4.5,148.3,0
CUST10003,39,31,48,4,2,2.4,294.08,0
CUST10004,19,41,43,22,5,0.0,217.0,0
CUST10005,30,36,9,78,5,5.6,363.87,1
CUST10006,40,47,19,81,6,5.9,264.11,0
CUST10007,42,43,69,24,0,9.7,426.25,0
CUST10008,45,65,7,7,6,3.6,355.13,0
CUST10009,28,50,44,94,1,3.9,358.04,0
CUST10010,50,1,33,20,5,2.0,147.72,0
CUST10011,41,57,50,1,7,0.7,492.91,0
CUST10012,19,16,3,21,4,7.7,428.75,0
CUST10013,47,28,38,71,9,2.5,405.05,0
CUST10014,34,22,23,86,2,6.1,198.6,0
CUST10015,57,41,54,95,7,6.9,291.03,0
CUST10016,51,19,25,71,7,4.7,111.7,0
CUST10017,55,50,24,67,3,8.8,292.31,0
CUST10018,39,59,35,63,7,4.4,115.65,0
CUST10019,22,69,70,93,4,2.8,298.87,0
CUST10020,57,34,73,18,4,9.0,341.92,0
CUST10021,33,39,57,86,2,8.6,225.59,0
CUST10022,30,7,11,81,6,1.6,274.35,1
CUST10023,43,52,0,52,8,0.3,444.04,0
CUST10024,48,60,49,92,8,0.9,98.85,1
CUST10025,56,52,24,86,0,2.9,406.28,0
CUST10026,40,24,79,96,0,9.7,126.84,0
CUST10027,29,26,4,51,9,5.6,66.52,1
CUST10028,31,10,67,46,4,3.7,133.51,0
CUST10029,35,17,5,81,0,8.9,394.27,0
CUST10030,44,2,25,53,3,4.5,232.31,0
CUST10031,45,27,54,43,0,3.2,442.63,0
CUST10032,35,71,38,96,1,9.4,286.12,0
CUST10033,33,48,8,6,1,8.5,60.01,0
CUST10034,33,9,44,114,3,8.4,372.52,0
CUST10035,30,23,13,91,7,5.1,99.6,1
CUST10036,46,71,54,0,1,7.9,405.22,0
CUST10037,26,27,8,62,8,1.8,125.65,0
CUST10038,43,71,14,119,8,5.7,205.45,1
CUST10039,45,43,36,102,1,9.8,392.57,0
CUST10040,58,7,49,97,0,2.9,479.4,0
CUST10041,30,63,71,38,9,7.9,217.15,0
CUST10042,53,44,20,18,9,4.9,423.23,0
CUST10043,26,39,56,30,8,0.4,135.86,0
CUST10044,31,40,18,76,1,7.6,413.23,0
CUST10045,29,7,57,23,7,1.7,345.87,0
CUST10046,49,70,5,68,2,6.3,136.73,0
CUST10047,55,25,3,86,0,0.9,186.13,0
CUST10048,20,59,42,82,0,9.5,109.3,0
CUST10049,33,13,41,64,9,2.9,222.34,0
CUST10050,37,62,2,32,1,2.3,141.64,0
CUST10051,49,8,0,58,6,1.3,339.8,1
CUST10052,40,45,54,113,5,9.5,497.53,0
CUST10053,34,18,14,119,1,7.1,55.4,0
CUST10054,33,60,46,32,3,7.4,293.41,0
CUST10055,55,60,45,31,1,5.0,308.15,0
CUST10056,25,2,57,58,0,4.7,461.39,0
CUST10057,36,66,70,91,2,1.1,277.7,0
CUST10058,47,14,38,100,3,5.6,294.67,0
CUST10059,51,48,2,40,9,2.5,262.24,0
CUST10060,31,56,29,11,4,9.8,171.01,0
CUST10061,39,12,34,72,4,8.0,75.21,0
CUST10062,34,55,56,113,6,4.1,233.9,0
CUST10063,32,28,28,118,9,1.5,73.67,1
CUST10064,49,4,49,10,7,7.9,297.72,0
CUST10065,30,36,61,96,8,1.2,188.28,1
CUST10066,38,50,51,18,6,1.9,290.12,0
CUST10067,57,3,13,53,4,2.1,110.43,0
CUST10068,50,1,34,56,8,5.6,469.68,0
CUST10069,44,17,27,41,7,7.9,452.53,0
CUST10070,52,71,57,97,9,3.1,135.5,1
CUST10071,33,62,29,70,8,0.8,204.55,0
CUST10072,45,48,6,30,9,4.6,326.07,0
CUST10073,51,62,38,51,7,7.5,93.06,0
CUST10074,18,69,68,1,5,2.2,209.56,0
CUST10075,58,19,34,82,3,2.2,163.0,0
CUST10076,48,34,51,37,8,9.5,461.98,0
CUST10077,53,49,13,31,8,9.5,433.63,0
CUST10078,50,47,62,9,9,9.9,310.92,0
CUST10079,50,50,35,104,9,8.1,284.16,1
CUST10080,56,26,23,7,8,1.9,468.83,0
CUST10081,35,56,39,89,9,2.1,469.59,0
CUST10082,40,14,28,93,2,3.4,486.2,0
CUST10083,40,25,52,74,2,3.2,106.42,0
CUST10084,32,4,21,104,5,9.6,122.25,0
CUST10085,43,32,71,19,5,7.9,354.53,0
CUST10086,47,65,14,19,5,7.2,293.65,0
CUST10087,42,61,68,8,4,1.9,58.31,0
CUST10088,33,20,63,71,4,9.1,77.89,0
CUST10089,56,10,3,14,1,8.3,449.64,0
CUST10090,31,34,74,97,6,1.6,440.99,1
CUST10091,34,61,17,87,3,8.7,210.77,0
CUST10092,29,27,41,96,2,2.7,450.97,0
CUST10093,46,40,29,104,7,0.8,317.15,1
CUST10094,49,65,14,104,3,6.6,412.66,0
CUST10095,41,33,69,108,3,6.5,242.34,0
CUST10096,30,68,54,62,7,0.9,101.03,0
CUST10097,37,71,52,103,0,3.2,245.18,0
CUST10098,32,9,15,90,8,9.9,255.78,1
CUST10099,21,16,72,20,6,6.8,297.92,0
CUST10100,51,5,33,4,1,7.3,97.51,0
CUST10101,45,23,26,34,5,2.1,496.13,0
CUST10102,19,43,12,84,7,0.8,159.86,1
CUST10103,47,57,26,67,4,2.8,139.35,0
CUST10104,43,51,72,112,5,2.5,287.06,0
CUST10105,43,13,68,47,9,2.3,291.74,1
CUST10106,37,24,30,79,7,1.9,247.92,0
CUST10107,59,11,2,94,5,5.7,397.35,0
CUST10108,45,52,29,89,8,3.3,282.49,1
CUST10109,37,17,20,61,8,8.2,324.36,0
CUST10110,28,37,5,115,8,1.8,375.69,1
CUST10111,27,13,31,34,5,4.6,61.26,0
CUST10112,40,62,41,69,8,0.1,306.79,0
CUST10113,54,8,61,96,2,4.8,447.89,0
CUST10114,58,56,31,20,4,0.6,57.82,0
CUST10115,36,70,38,79,1,9.8,232.33,0
CUST10116,35,44,63,110,7,7.9,466.8,0
CUST10117,44,60,29,38,3,4.9,208.92,0
CUST10118,23,41,62,33,5,0.9,256.43,0
CUST10119,27,21,30,105,5,5.9,491.69,1
CUST10120,19,42,39,14,4,7.6,139.7,0
CUST10121,41,29,32,5,0,1.9,79.36,0
CUST10122,55,65,62,65,6,5.7,436.74,0
CUST10123,45,17,24,87,9,8.1,440.81,1
CUST10124,45,30,35,55,7,7.7,262.44,0
CUST10125,56,26,23,48,0,8.0,281.39,0
CUST10126,19,53,57,91,9,8.8,426.11,0
CUST10127,22,19,38,0,6,9.4,382.35,0
CUST10128,28,53,45,64,3,4.1,169.32,0
CUST10129,27,17,76,27,5,5.7,57.6,0
CUST10130,19,46,9,99,8,7.9,265.87,1
CUST10131,32,53,31,19,4,7.0,436.51,0
CUST10132,56,64,35,47,7,10.0,453.13,0
CUST10133,58,45,27,71,4,0.1,480.3,0
CUST10134,54,49,15,64,1,3.6,445.8,0
CUST10135,24,19,15,89,3,2.8,311.02,1
CUST10136,37,71,17,50,1,2.6,250.07,0
CUST10137,51,65,7,42,6,2.2,398.68,0
CUST10138,52,37,79,48,6,7.1,382.92,0
CUST10139,51,70,74,24,2,0.8,292.16,0
CUST10140,39,26,69,73,6,7.4,89.3,0
CUST10141,48,2,0,75,0,6.9,466.74,0
CUST10142,40,59,61,40,0,2.5,255.02,0
CUST10143,36,5,75,70,8,2.5,213.5,0
CUST10144,21,37,37,63,5,6.3,333.31,0
CUST10145,41,31,44,60,4,7.6,353.23,0
CUST10146,37,48,57,11,5,8.8,144.81,0
CUST10147,56,6,0,110,5,8.5,426.62,1
CUST10148,45,15,31,103,0,9.6,180.47,0
CUST10149,56,15,7,80,4,5.8,134.01,1
CUST10150,34,61,39,68,8,9.1,232.88,0
CUST10151,36,16,55,13,3,8.1,378.75,0
CUST10152,52,20,62,33,2,8.9,484.46,0
CUST10153,49,44,73,47,0,0.1,414.18,0
CUST10154,56,42,73,60,1,9.7,473.16,0
CUST10155,52,46,35,80,2,4.7,113.27,0
CUST10156,47,34,56,34,3,8.0,82.03,0
CUST10157,34,64,73,118,6,1.3,300.97,1
CUST10158,59,29,44,64,5,4.0,180.63,0
CUST10159,46,3,78,58,7,2.7,422.62,0
CUST10160,23,9,79,113,8,2.9,352.39,1
CUST10161,34,25,1,113,5,1.2,486.83,1
CUST10162,34,42,67,35,6,8.1,164.66,0
CUST10163,31,46,49,78,3,0.1,268.6,0
CUST10164,41,59,28,18,1,3.1,275.56,0
CUST10165,54,21,9,114,8,1.7,157.63,1
CUST10166,57,22,26,41,8,5.9,315.54,0
CUST10167,56,29,14,68,3,2.5,249.48,0
CUST10168,49,63,59,18,2,2.6,251.02,0
CUST10169,53,61,30,106,9,4.9,213.23,1
CUST10170,54,64,20,38,5,6.5,57.62,0
CUST10171,31,69,59,68,2,1.2,284.94,0
CUST10172,44,40,57,51,0,1.8,200.86,0
CUST10173,36,1,40,11,3,2.5,50.59,0
CUST10174,48,65,45,82,0,9.7,188.57,0
CUST10175,26,62,44,46,1,4.0,175.38,0
CUST10176,55,54,25,75,2,6.0,227.05,0
CUST10177,34,60,50,35,7,2.4,109.33,0
CUST10178,36,46,35,62,9,4.9,278.46,0
CUST10179,21,5,51,75,3,0.7,361.6,0
CUST10180,28,22,50,81,3,0.3,333.58,0
CUST10181,39,53,2,112,9,4.7,411.69,1
CUST10182,21,70,13,50,8,4.0,253.4,0
CUST10183,34,32,48,111,6,1.4,283.59,1
CUST10184,25,11,76,42,1,6.9,414.68,0
CUST10185,51,10,0,33,2,9.9,242.47,0
CUST10186,28,39,56,111,3,4.0,365.72,0
CUST10187,48,31,16,96,3,6.2,245.57,1
CUST10188,28,12,49,48,9,9.6,237.98,0
CUST10189,55,38,13,17,7,8.3,392.09,0
CUST10190,38,67,58,60,9,4.6,128.68,0
CUST10191,47,66,2,56,9,7.4,202.36,0
CUST10192,27,52,39,92,5,1.3,150.88,0
CUST10193,43,5,65,108,2,5.1,211.6,0
CUST10194,44,11,33,4,8,2.8,153.67,0
CUST10195,25,25,8,88,9,1.6,310.73,1
CUST10196,56,35,20,23,7,4.3,409.18,0
CUST10197,25,35,24,92,8,1.3,403.98,1
CUST10198,25,22,43,63,4,7.0,214.03,0
CUST10199,51,37,24,58,2,4.6,494.94,0
CUST10200,33,55,8,37,3,5.3,317.23,0
CUST10201,58,64,61,32,4,1.5,229.73,0
CUST10202,30,20,25,9,8,1.4,425.99,0
CUST10203,40,4,56,36,8,5.8,378.44,0
CUST10204,29,18,36,96,2,9.9,387.17,0
CUST10205,44,51,15,86,6,1.0,138.26,0
CUST10206,39,68,36,10,5,2.9,260.75,0
CUST10207,49,20,75,23,3,8.7,437.82,0
CUST10208,44,9,23,87,4,0.7,276.82,1
CUST10209,19,26,25,70,9,8.8,357.55,1
CUST10210,50,25,19,113,1,5.2,314.57,1
CUST10211,43,68,8,20,6,4.1,429.06,0
CUST10212,45,41,28,19,3,3.1,178.05,0
CUST10213,36,59,30,116,1,3.0,308.96,1
CUST10214,22,45,18,9,5,3.1,105.46,0
CUST10215,50,41,19,88,1,8.8,360.59,0
CUST10216,37,38,26,46,9,7.2,379.39,0
CUST10217,47,19,43,99,1,6.7,69.28,0
CUST10218,25,14,34,111,6,8.0,354.11,0
CUST10219,55,21,70,46,0,2.6,236.61,0
CUST10220,34,15,21,14,6,6.2,105.84,0
CUST10221,18,3,73,43,9,4.6,238.96,0
CUST10222,20,37,14,103,4,7.8,137.4,0
CUST10223,43,46,12,103,0,3.1,237.0,0
CUST10224,48,16,3,113,5,6.4,222.95,1
CUST10225,25,14,55,61,6,8.8,382.28,0
CUST10226,25,9,22,5,0,4.0,398.4,0
CUST10227,52,7,33,100,8,0.7,323.16,1
CUST10228,56,14,16,65,6,5.2,60.21,0
CUST10229,45,6,27,75,0,3.5,468.96,0
CUST10230,21,15,13,3,2,6.7,358.8,0
CUST10231,33,52,33,22,4,9.5,65.39,0
CUST10232,30,34,74,12,3,4.9,418.47,0
CUST10233,37,1,56,80,1,4.7,140.12,0
CUST10234,22,69,76,30,0,6.5,310.65,0
CUST10235,54,20,54,15,3,1.0,259.99,0
CUST10236,37,7,65,40,6,2.5,238.93,0
CUST10237,41,7,36,89,3,9.2,450.37,0
CUST10238,53,50,67,91,8,6.7,246.81,0
CUST10239,51,2,75,0,7,0.1,83.9,0
CUST10240,51,47,25,110,7,2.0,475.99,1
CUST10241,36,14,60,11,4,6.8,464.24,0
CUST10242,34,31,66,100,0,7.6,357.99,0
CUST10243,22,50,73,118,8,8.4,260.55,1
CUST10244,42,61,51,55,1,2.9,91.79,0
CUST10245,35,41,17,49,5,9.3,405.84,0
CUST10246,25,14,52,19,9,5.5,83.97,0
CUST10247,44,5,62,65,4,7.0,80.87,0
CUST10248,32,5,52,35,9,6.0,291.82,0
CUST10249,30,64,26,78,7,1.2,122.06,1
CUST10250,33,29,30,37,2,9.6,53.48,0
CUST10251,39,5,0,21,5,1.2,240.4,1
CUST10252,37,36,5,107,5,2.5,111.75,1
CUST10253,30,19,10,60,9,8.1,122.23,1
CUST10254,37,64,33,49,2,6.2,84.61,0
CUST10255,19,22,62,95,6,8.4,142.29,0
CUST10256,52,34,52,58,3,5.2,371.97,0
CUST10257,36,56,17,19,4,3.8,414.02,0
CUST10258,54,17,20,35,8,9.2,253.64,0
CUST10259,23,56,18,96,5,0.4,277.95,1
CUST10260,31,17,3,14,9,8.6,64.69,0
CUST10261,21,18,76,61,3,2.3,81.19,0
CUST10262,39,45,28,113,7,8.5,165.91,1
CUST10263,56,56,24,109,8,1.4,294.75,1
CUST10264,53,50,55,2,9,5.8,382.8,0
CUST10265,51,58,76,92,4,8.9,322.25,0
CUST10266,44,18,62,110,1,4.7,226.46,0
CUST10267,24,7,26,90,5,7.5,103.25,1
CUST10268,20,10,59,4,7,8.0,401.35,0
CUST10269,50,69,48,55,4,7.4,213.7,0
CUST10270,19,3,64,30,0,9.3,381.22,0
CUST10271,59,44,37,85,7,4.5,280.84,1
CUST10272,33,70,51,34,8,1.7,382.4,0
CUST10273,42,14,0,117,0,0.5,458.28,1
CUST10274,32,4,39,70,7,2.5,464.46,0
CUST10275,41,18,20,69,9,1.4,290.8,1
CUST10276,32,52,14,25,1,5.6,280.18,0
CUST10277,48,38,49,117,3,1.8,169.56,1
CUST10278,31,20,47,0,1,0.4,471.11,0
CUST10279,31,44,31,82,1,0.4,256.06,0
CUST10280,23,51,48,6,9,8.3,107.42,0
CUST10281,31,19,67,35,2,5.9,244.72,0
CUST10282,34,68,44,75,7,3.6,107.17,0
CUST10283,35,66,31,83,3,8.9,276.14,0
CUST10284,37,13,3,86,6,0.7,302.57,0
CUST10285,34,62,64,24,9,9.8,201.99,0
CUST10286,33,61,70,93,2,6.2,82.24,0
CUST10287,57,30,72,58,9,1.8,474.58,0
CUST10288,56,30,64,60,2,6.8,398.01,0
CUST10289,49,51,79,28,1,7.6,427.5,0
CUST10290,26,48,17,94,5,4.3,215.09,1
CUST10291,44,33,53,17,5,8.6,392.37,0
CUST10292,50,19,46,40,0,1.5,268.42,0
CUST10293,27,71,5,18,6,2.8,140.49,0
CUST10294,34,57,65,117,3,0.9,105.99,0
CUST10295,53,19,8,3,2,2.1,205.27,0
CUST10296,34,41,67,64,7,2.4,111.9,0
CUST10297,35,42,22,40,1,9.2,499.22,0
CUST10298,40,52,42,14,8,0.8,72.14,0
CUST10299,51,4,50,53,7,4.3,248.51,0
CUST10300,25,4,71,63,7,5.3,253.44,0
CUST10301,30,5,24,71,2,9.0,185.28,0
CUST10302,40,41,79,14,3,10.0,307.11,0
CUST10303,37,61,34,78,1,7.5,117.49,0
CUST10304,39,55,16,49,1,9.7,402.76,0
CUST10305,40,13,17,102,3,7.9,199.6,1
CUST10306,58,14,26,21,5,9.6,316.1,0
CUST10307,52,60,14,17,4,7.1,372.04,0
CUST10308,20,25,68,79,0,0.8,450.07,0
CUST10309,51,44,79,1,9,4.0,426.1,0
CUST10310,50,10,14,35,0,6.5,323.74,0
CUST10311,34,71,41,19,5,3.5,224.78,0
CUST10312,36,50,33,15,2,2.7,276.44,0
CUST10313,47,44,47,66,2,5.8,395.93,0
CUST10314,40,14,7,119,6,9.3,444.9,1
CUST10315,32,15,9,29,0,0.3,96.7,0
CUST10316,31,16,4,54,0,7.7,223.19,0
CUST10317,19,2,47,65,9,7.2,399.25,0
CUST10318,56,30,25,98,2,9.6,244.24,0
CUST10319,35,30,22,25,7,9.3,199.5,0
CUST10320,23,31,61,56,0,7.6,235.1,0
CUST10321,49,20,12,68,9,5.2,321.28,1
CUST10322,38,49,8,1,3,2.0,499.91,0
CUST10323,57,35,19,114,8,5.5,271.85,1
CUST10324,45,23,56,55,3,7.7,143.82,0
CUST10325,44,61,23,83,9,9.0,123.28,0
CUST10326,19,55,32,61,7,7.9,69.06,0
CUST10327,50,67,19,33,6,2.0,301.47,0
CUST10328,33,8,59,97,2,6.0,295.06,0
CUST10329,56,40,47,117,6,3.3,142.36,0
CUST10330,39,59,63,55,6,0.1,362.9,0
CUST10331,30,32,29,54,9,2.0,383.5,0
CUST10332,19,7,72,19,2,1.1,166.59,0
CUST10333,31,2,16,49,1,8.4,204.84,0
CUST10334,55,6,13,24,8,2.6,495.71,0
CUST10335,58,36,18,83,0,2.8,218.42,0
CUST10336,45,32,70,24,6,9.6,392.36,0
CUST10337,24,45,58,52,3,3.8,253.73,0
CUST10338,35,42,66,13,1,0.1,407.01,0
CUST10339,58,53,43,59,1,2.8,396.06,0
CUST10340,53,9,31,110,7,1.2,350.49,1
CUST10341,58,49,10,107,6,1.0,434.65,1
CUST10342,53,2,1,42,6,0.8,472.65,1
CUST10343,21,67,67,106,4,5.9,310.99,0
CUST10344,47,11,16,61,9,1.9,156.86,1
CUST10345,41,50,39,102,7,3.6,229.38,1
CUST10346,37,35,45,75,1,8.6,391.24,0
CUST10347,48,15,3,111,1,4.2,342.9,1
CUST10348,41,31,37,68,4,9.2,130.01,0
CUST10349,24,62,62,62,0,5.0,73.06,0
CUST10350,43,28,28,1,5,4.0,357.33,0
CUST10351,30,25,18,53,3,7.5,162.99,0
CUST10352,25,25,28,15,5,0.7,274.85,0
CUST10353,22,1,34,54,6,0.9,386.04,0
CUST10354,30,59,69,93,2,6.5,303.2,0
CUST10355,46,69,22,110,7,4.9,87.49,1
CUST10356,37,42,45,42,6,7.9,133.51,0
CUST10357,31,34,43,60,0,9.2,148.7,0
CUST10358,49,66,47,37,5,3.9,166.04,0
CUST10359,44,18,51,44,6,6.0,304.43,0
CUST10360,42,5,7,50,3,5.0,276.78,0
CUST10361,21,20,54,41,1,9.8,141.42,0
CUST10362,38,66,65,23,9,8.3,80.4,0
CUST10363,35,62,76,114,8,9.1,127.14,0
CUST10364,56,32,39,29,6,2.5,492.97,0
CUST10365,32,58,30,36,0,7.7,260.85,0
CUST10366,55,50,47,52,7,2.7,440.31,0
CUST10367,41,38,60,62,2,2.1,431.94,0
CUST10368,25,55,51,102,3,9.4,280.18,1
CUST10369,45,28,37,10,4,0.2,368.01,0
CUST10370,38,22,35,77,0,9.7,136.74,0
CUST10371,33,43,54,22,5,1.5,359.78,0
CUST10372,33,36,12,116,9,8.2,172.57,1
CUST10373,52,52,36,79,5,2.8,424.43,0
CUST10374,34,36,46,49,1,3.5,87.68,0
CUST10375,26,28,70,84,9,2.2,397.91,0
CUST10376,52,58,21,54,5,5.9,94.97,0
CUST10377,46,36,38,54,7,3.5,446.54,0
CUST10378,56,70,57,3,5,6.6,186.89,0
CUST10379,35,9,29,96,3,0.2,344.48,0
CUST10380,29,21,17,53,3,0.6,269.38,0
CUST10381,36,64,17,60,8,1.0,214.84,0
CUST10382,39,61,73,110,5,4.2,340.45,0
CUST10383,32,40,38,77,7,8.1,476.39,0
CUST10384,18,56,25,82,7,8.9,68.57,0
CUST10385,19,4,70,4,6,2.4,463.48,0
CUST10386,25,31,6,99,2,5.7,324.09,1
CUST10387,39,27,68,94,9,7.7,413.29,0
CUST10388,42,58,64,108,0,2.9,222.74,0
CUST10389,19,25,45,17,4,4.1,262.33,0
CUST10390,26,69,17,43,9,5.2,440.98,0
CUST10391,26,70,12,30,9,1.3,236.68,0
CUST10392,30,5,24,118,1,0.3,290.6,1
CUST10393,23,8,7,93,9,1.5,59.09,1
CUST10394,47,9,73,20,1,6.3,121.37,0
CUST10395,32,15,31,46,6,0.7,338.76,0
CUST10396,32,7,16,29,2,1.9,372.64,0
CUST10397,24,15,78,54,7,3.4,312.17,0
CUST10398,28,37,78,104,8,0.8,114.49,1
CUST10399,57,39,47,67,7,1.9,250.43,0
CUST10400,55,6,62,68,5,9.1,209.79,0
CUST10401,57,57,39,40,4,0.2,273.05,0
CUST10402,19,19,14,44,2,6.5,441.65,0
CUST10403,56,63,5,73,2,3.8,399.14,0
CUST10404,27,31,62,90,6,6.7,87.8,0
CUST10405,34,10,7,79,4,5.9,450.64,0
CUST10406,24,67,31,29,5,2.2,262.3,0
CUST10407,57,62,44,76,5,8.5,384.74,0
CUST10408,56,3,51,99,8,4.9,113.02,1
CUST10409,21,18,78,84,0,8.2,351.82,0
CUST10410,52,25,12,44,7,4.1,156.35,0
CUST10411,53,20,23,116,9,9.8,247.27,1
CUST10412,48,58,39,103,4,7.7,57.59,0
CUST10413,42,50,13,44,5,9.7,118.22,0
CUST10414,58,10,74,78,5,5.1,91.44,0
CUST10415,30,21,69,83,0,4.7,157.88,0
CUST10416,35,29,61,83,2,7.6,95.01,0
CUST10417,38,10,60,44,5,8.8,361.36,0
CUST10418,18,13,0,54,8,9.6,63.07,0
CUST10419,53,47,65,58,5,3.2,327.98,0
CUST10420,25,23,31,4,5,8.0,113.32,0
CUST10421,38,50,12,117,0,2.1,475.32,1
CUST10422,38,4,32,117,8,5.5,469.89,1
CUST10423,44,67,31,31,3,1.8,151.48,0
CUST10424,36,53,55,5,1,3.5,326.49,0
CUST10425,40,2,23,93,0,9.3,62.6,0
CUST10426,52,68,3,25,2,1.5,469.3,0
CUST10427,57,65,22,36,2,6.3,285.34,0
CUST10428,59,57,28,12,4,5.9,69.45,0
CUST10429,22,70,20,92,0,1.2,204.12,0
CUST10430,58,7,29,68,6,3.3,84.58,1
CUST10431,25,19,19,24,0,5.6,226.82,0
CUST10432,28,44,15,12,3,1.9,351.47,0
CUST10433,33,63,66,87,5,8.0,261.45,0
CUST10434,56,65,48,94,0,9.7,222.67,0
CUST10435,41,39,57,19,6,2.1,103.62,0
CUST10436,38,26,43,118,9,1.9,160.22,1
CUST10437,40,44,24,71,6,4.5,95.06,1
CUST10438,55,12,22,59,2,7.5,413.37,0
CUST10439,25,22,58,72,3,2.8,110.86,0
CUST10440,24,14,0,20,5,0.2,317.92,0
CUST10441,19,30,14,114,6,5.4,204.23,1
CUST10442,47,44,51,60,3,9.6,151.69,0
CUST10443,30,38,57,83,9,3.9,337.76,0
CUST10444,40,59,40,78,8,4.2,255.65,0
CUST10445,46,42,43,25,8,9.7,230.07,0
CUST10446,55,52,3,53,8,6.9,316.78,0
CUST10447,54,63,76,41,9,7.2,271.07,0
CUST10448,37,61,67,10,5,5.6,186.57,0
CUST10449,50,34,6,36,1,9.7,301.58,0
CUST10450,46,39,45,104,1,6.9,351.27,0
CUST10451,32,41,8,10,3,9.0,62.01,0
CUST10452,40,37,32,26,8,7.0,259.64,0
CUST10453,59,65,32,93,2,7.4,75.96,0
CUST10454,20,32,3,82,5,2.9,133.88,1
CUST10455,54,8,64,33,1,3.0,302.23,0
CUST10456,46,18,33,37,0,7.8,439.79,0
CUST10457,25,45,78,60,4,3.0,447.26,0
CUST10458,39,33,63,86,7,5.6,81.47,0
CUST10459,46,5,24,52,9,2.5,238.6,1
CUST10460,19,36,54,64,9,8.2,312.35,0
CUST10461,58,23,8,2,1,1.1,116.18,0
CUST10462,18,40,16,66,9,8.3,394.44,0
CUST10463,37,5,20,27,8,6.0,384.91,0
CUST10464,38,34,59,13,7,1.9,456.5,0
CUST10465,54,24,12,51,2,5.4,53.82,0
CUST10466,25,17,2,29,0,2.8,147.51,0
CUST10467,44,71,67,57,3,3.2,422.23,0
CUST10468,52,22,3,53,7,3.5,351.76,0
CUST10469,23,15,6,68,2,0.6,452.48,0
CUST10470,36,15,25,112,9,9.9,75.73,1
CUST10471,35,25,74,14,1,0.3,318.63,0
CUST10472,18,53,23,37,6,6.6,306.07,0
CUST10473,42,21,9,77,3,3.7,66.05,1
CUST10474,44,66,12,13,5,6.5,281.08,0
CUST10475,24,32,43,56,4,3.6,324.28,0
CUST10476,59,21,38,58,1,6.7,136.08,0
CUST10477,46,68,18,112,9,7.3,173.0,1
CUST10478,48,44,50,7,1,6.9,338.16,0
CUST10479,53,66,18,71,8,1.1,260.74,1
CUST10480,36,14,75,18,9,6.6,436.11,0
CUST10481,23,15,51,31,1,2.8,204.07,0
CUST10482,42,20,46,94,7,0.3,170.0,1
CUST10483,48,34,29,28,7,4.1,493.19,0
CUST10484,26,36,45,40,0,4.3,460.01,0
CUST10485,37,9,75,74,0,4.7,63.05,0
CUST10486,27,71,20,44,3,7.0,396.83,0
CUST10487,54,30,74,12,1,3.1,99.65,0
CUST10488,44,63,47,26,0,3.2,62.37,0
CUST10489,30,35,61,119,8,0.6,173.16,1
CUST10490,58,13,57,18,2,6.9,171.21,0
CUST10491,19,46,17,25,0,5.7,418.69,0
CUST10492,38,56,58,52,1,3.5,369.8,0
CUST10493,50,9,47,50,7,7.1,491.72,0
CUST10494,41,36,62,36,4,5.4,370.18,0
CUST10495,59,3,11,111,6,4.7,238.21,1
CUST10496,51,19,33,8,5,5.1,364.52,0
CUST10497,26,28,60,91,0,6.4,499.76,0
CUST10498,19,23,52,95,5,6.6,369.56,0
CUST10499,47,7,24,51,6,2.9,392.76,0
CUST10500,39,14,61,53,3,1.4,472.26,0
CUST10501,28,46,3,2,7,1.6,101.14,0
CUST10502,34,15,12,114,7,6.4,367.15,1
CUST10503,53,67,41,95,6,8.7,432.86,0
CUST10504,30,15,48,68,1,4.1,479.47,0
CUST10505,24,51,77,7,5,1.7,144.94,0
CUST10506,33,8,55,13,5,7.6,276.77,0
CUST10507,50,69,46,119,6,8.3,356.25,0
CUST10508,18,62,7,2,5,8.8,161.36,0
CUST10509,28,51,54,23,1,6.1,320.21,0
CUST10510,23,63,17,12,7,8.6,165.91,0
CUST10511,37,68,34,42,3,0.2,200.06,0
CUST10512,52,16,31,28,8,1.1,248.68,0
CUST10513,54,24,23,71,7,0.9,288.14,1
CUST10514,58,6,6,50,2,7.1,252.21,0
CUST10515,43,57,12,41,2,0.7,271.94,0
CUST10516,29,31,68,30,7,5.0,184.36,0
CUST10517,47,6,41,62,1,4.7,121.53,0
CUST10518,45,29,30,25,8,3.1,71.31,0
CUST10519,44,67,73,17,3,8.7,138.19,0
CUST10520,59,3,25,81,5,1.7,311.87,1
CUST10521,36,28,75,56,2,3.5,403.75,0
CUST10522,22,48,31,6,2,7.7,126.16,0
CUST10523,22,10,51,111,2,0.3,98.85,0
CUST10524,58,33,19,101,9,6.7,387.18,1
CUST10525,44,67,39,47,1,8.2,187.32,0
CUST10526,45,69,58,79,7,9.3,478.17,0
CUST10527,43,12,76,118,8,8.8,371.44,0
CUST10528,44,57,13,119,7,3.2,197.04,1
CUST10529,59,44,43,59,9,5.9,180.29,0
CUST10530,38,13,47,32,2,0.8,285.66,0
CUST10531,18,24,42,119,6,2.6,85.62,1
CUST10532,45,44,15,114,9,0.9,102.95,1
CUST10533,32,57,34,2,1,3.2,129.14,0
CUST10534,34,16,52,101,3,8.8,398.63,0
CUST10535,43,21,33,3,5,3.5,281.24,0
CUST10536,37,51,2,99,4,5.6,54.76,0
CUST10537,42,21,67,3,8,4.3,353.08,0
CUST10538,30,60,4,41,9,4.6,240.66,0
CUST10539,50,51,9,8,3,9.7,279.88,0
CUST10540,42,21,51,103,4,3.0,146.35,1
CUST10541,25,6,28,50,3,6.3,298.3,0
CUST10542,22,65,30,16,7,4.2,490.62,0
CUST10543,23,58,65,16,7,0.6,83.05,0
CUST10544,40,6,75,96,2,4.9,177.76,0
CUST10545,47,65,68,19,0,8.1,159.35,0
CUST10546,31,34,36,13,5,1.0,161.85,0
CUST10547,40,56,26,21,1,0.7,220.42,0
CUST10548,28,3,32,51,1,1.5,418.15,0
CUST10549,48,42,67,26,2,7.6,460.79,0
CUST10550,23,62,58,42,7,7.2,141.0,0
CUST10551,28,6,63,2,2,5.7,294.33,0
CUST10552,30,6,43,87,6,4.7,336.6,0
CUST10553,29,63,48,93,9,8.9,284.82,0
CUST10554,19,20,52,7,9,7.7,245.33,0
CUST10555,52,21,73,85,8,8.1,136.39,0
CUST10556,53,2,48,88,7,8.1,269.7,0
CUST10557,34,56,65,9,0,6.4,230.55,0
CUST10558,45,10,62,112,6,4.6,408.0,0
CUST10559,45,70,24,28,6,8.6,393.62,0
CUST10560,39,23,3,39,7,9.3,110.3,0
CUST10561,55,30,50,117,9,0.2,89.83,1
CUST10562,24,37,10,64,4,0.5,458.67,1
CUST10563,32,55,16,115,9,9.6,290.98,1
CUST10564,49,49,65,20,8,2.8,436.01,0
CUST10565,28,34,69,102,8,8.7,76.17,0
CUST10566,41,44,72,23,7,3.9,286.93,0
CUST10567,20,22,68,72,5,1.2,292.74,0
CUST10568,47,31,28,59,5,0.8,437.32,0
CUST10569,23,7,72,107,0,1.6,93.92,0
CUST10570,19,21,71,117,5,2.5,158.2,1
CUST10571,31,16,19,25,3,4.9,232.94,0
CUST10572,58,20,26,8,3,7.0,439.63,0
CUST10573,35,43,7,19,1,9.9,472.5,0
CUST10574,48,44,60,55,3,4.4,496.73,0
CUST10575,30,47,27,98,4,5.2,481.64,0
CUST10576,43,19,69,35,4,5.2,52.67,0
CUST10577,29,48,2,105,4,5.4,71.47,1
CUST10578,35,69,68,35,3,5.2,116.42,0
CUST10579,26,11,72,117,0,0.1,206.99,0
CUST10580,38,29,6,72,9,0.0,423.46,1
CUST10581,57,45,59,21,7,1.0,451.7,0
CUST10582,41,68,3,0,2,1.0,134.08,0
CUST10583,51,36,4,68,1,7.0,328.85,0
CUST10584,25,48,10,72,8,2.0,462.81,1
CUST10585,50,15,14,36,6,8.9,258.68,0
CUST10586,40,44,63,101,8,9.3,96.59,0
CUST10587,30,67,12,82,1,9.8,256.02,0
CUST10588,31,40,6,71,8,9.4,219.11,0
CUST10589,31,14,5,105,9,2.7,309.95,1
CUST10590,33,63,55,106,8,5.1,247.4,0
CUST10591,55,51,63,95,8,1.8,57.81,0
CUST10592,56,58,49,12,9,8.1,497.3,0
CUST10593,43,15,29,83,9,8.9,294.59,1
CUST10594,43,65,21,99,3,8.5,263.13,0
CUST10595,18,55,24,42,9,4.3,479.58,0
CUST10596,49,10,27,107,2,7.6,120.14,1
CUST10597,32,42,38,36,5,1.0,135.16,0
CUST10598,38,11,66,93,2,0.4,413.61,0
CUST10599,35,16,4,73,8,7.5,167.37,1
CUST10600,47,19,64,94,2,4.3,409.65,0
CUST10601,30,31,14,24,1,10.0,172.19,0
CUST10602,41,53,66,92,7,1.0,64.93,0
CUST10603,47,8,39,87,5,8.6,282.66,1
CUST10604,19,24,68,102,7,4.8,138.51,0
CUST10605,36,8,76,20,6,8.3,391.03,0
CUST10606,42,48,42,40,2,8.2,338.54,0
CUST10607,31,30,0,72,7,9.2,465.62,0
CUST10608,23,58,21,41,9,3.0,402.34,1
CUST10609,29,55,61,41,0,9.5,131.35,0
CUST10610,37,62,78,1,0,1.5,410.07,0
CUST10611,40,48,25,67,9,0.8,338.78,0
CUST10612,47,4,17,7,7,4.3,351.03,0
CUST10613,47,37,47,95,8,8.3,424.52,0
CUST10614,55,8,8,60,9,4.7,308.22,1
CUST10615,47,1,0,13,5,8.3,259.7,0
CUST10616,58,70,8,112,4,7.3,336.49,0
CUST10617,47,47,22,76,1,2.1,184.08,0
CUST10618,53,5,44,20,8,9.5,132.17,0
CUST10619,51,50,1,23,5,0.6,327.46,0
CUST10620,33,24,13,49,7,9.0,155.23,0
CUST10621,41,47,37,81,8,3.0,85.96,1
CUST10622,31,18,39,44,8,5.0,50.25,0
CUST10623,43,28,62,63,7,4.2,323.74,0
CUST10624,25,5,15,63,9,1.7,212.97,0
CUST10625,31,30,74,103,7,3.6,388.54,0
CUST10626,48,1,5,25,2,1.9,218.83,0
CUST10627,19,46,2,31,2,2.0,268.7,0
CUST10628,21,69,13,107,1,1.9,233.19,1
CUST10629,18,31,65,56,0,4.9,342.76,0
CUST10630,37,70,74,118,3,8.0,210.26,0
CUST10631,31,56,66,119,1,5.7,483.7,0
CUST10632,57,28,30,52,1,8.9,471.27,0
CUST10633,42,16,32,32,4,6.4,431.61,0
CUST10634,42,54,0,51,3,6.9,464.14,0
CUST10635,20,53,43,94,0,6.7,252.11,0
CUST10636,22,12,14,17,8,4.5,291.39,0
CUST10637,55,20,36,34,3,6.9,383.94,0
CUST10638,43,34,26,11,4,0.7,363.27,0
CUST10639,57,53,47,50,6,8.6,450.81,0
CUST10640,55,64,26,88,1,7.8,372.35,0
CUST10641,55,23,11,108,7,2.5,499.05,1
CUST10642,21,27,66,94,1,7.7,206.83,0
CUST10643,24,17,29,9,9,0.1,424.85,0
CUST10644,47,48,65,110,4,2.2,363.94,0
CUST10645,47,21,6,51,1,0.7,361.12,0
CUST10646,36,50,33,33,1,7.8,196.63,0
CUST10647,56,40,31,114,3,7.6,403.52,0
CUST10648,52,3,38,66,3,8.1,455.17,0
CUST10649,57,17,42,109,7,0.0,148.35,1
CUST10650,50,61,42,38,5,5.0,331.47,0
CUST10651,50,50,77,7,9,7.0,226.46,0
CUST10652,31,6,2,95,7,1.6,495.3,1
CUST10653,55,28,45,106,6,6.5,265.47,0
CUST10654,27,55,31,28,9,0.8,152.74,0
CUST10655,45,58,42,21,3,1.8,221.84,0
CUST10656,31,45,2,83,1,4.8,344.23,0
CUST10657,53,19,73,69,8,6.5,84.24,0
CUST10658,55,29,62,60,1,1.5,321.62,0
CUST10659,33,23,39,42,0,1.9,469.05,0
CUST10660,38,32,17,48,7,2.0,432.66,0
CUST10661,45,10,66,28,9,2.4,80.45,0
CUST10662,50,49,61,105,8,2.3,497.03,0
CUST10663,23,65,9,119,0,4.0,364.43,0
CUST10664,58,29,51,80,6,6.5,123.03,0
CUST10665,32,59,72,30,1,4.4,55.59,0
CUST10666,20,45,45,52,5,7.8,127.08,0
CUST10667,52,67,54,33,4,7.2,427.18,0
CUST10668,31,51,45,37,0,1.3,59.74,0
CUST10669,19,11,74,56,1,0.5,154.92,0
CUST10670,46,6,59,100,1,8.8,390.79,0
CUST10671,21,67,25,3,9,0.8,313.75,0
CUST10672,43,62,26,1,9,1.5,402.23,0
CUST10673,29,5,37,11,5,0.2,385.77,0
CUST10674,19,9,21,34,0,6.3,72.77,0
CUST10675,34,28,25,69,3,5.8,451.63,0
CUST10676,52,38,68,119,9,9.9,152.16,0
CUST10677,27,43,34,109,4,8.9,299.03,1
CUST10678,39,21,65,71,1,4.1,339.93,0
CUST10679,58,62,72,20,1,3.7,125.88,0
CUST10680,38,46,50,116,6,3.0,489.3,1
CUST10681,32,70,17,109,6,1.5,269.67,1
CUST10682,52,38,42,60,5,1.4,75.94,0
CUST10683,38,49,11,34,0,1.3,471.77,0
CUST10684,38,39,2,47,2,1.1,313.82,0
CUST10685,38,71,6,14,8,2.4,364.64,0
CUST10686,49,30,5,70,9,3.1,286.33,1
CUST10687,22,21,44,14,0,9.6,425.63,0
CUST10688,56,1,38,108,1,5.8,64.91,0
CUST10689,26,32,50,5,7,9.9,170.77,0
CUST10690,35,8,8,110,6,3.7,261.34,1
CUST10691,38,69,22,80,8,4.6,84.47,0
CUST10692,25,30,11,67,9,3.2,367.66,1
CUST10693,51,8,61,21,3,1.8,227.15,0
CUST10694,27,19,72,31,3,1.4,172.7,0
CUST10695,58,59,76,21,6,9.5,51.52,0
CUST10696,41,55,39,26,0,9.9,373.92,0
CUST10697,57,30,53,109,9,0.4,425.21,1
CUST10698,41,36,6,14,8,1.5,227.77,0
CUST10699,49,55,16,43,1,4.2,303.9,0
CUST10700,50,44,49,114,0,1.9,152.46,0
CUST10701,55,27,23,85,6,3.6,329.99,0
CUST10702,51,54,1,91,5,1.3,55.46,1
CUST10703,28,48,32,105,2,4.6,269.89,0
CUST10704,48,30,20,101,0,2.7,339.89,0
CUST10705,35,39,73,8,4,3.5,463.19,0
CUST10706,40,13,52,33,9,0.9,221.6,0
CUST10707,39,16,45,99,3,4.3,394.34,0
CUST10708,35,44,44,72,4,9.8,318.96,0
CUST10709,57,71,8,14,0,3.3,467.16,0
CUST10710,58,27,5,61,0,8.8,229.27,0
CUST10711,56,45,50,44,4,8.4,193.59,0
CUST10712,37,35,34,83,5,9.5,449.21,0
CUST10713,30,28,52,71,4,7.9,72.16,0
CUST10714,18,7,18,57,1,6.6,111.37,0
CUST10715,21,62,68,91,8,8.6,87.08,0
CUST10716,41,51,24,114,4,0.8,429.4,1
CUST10717,53,46,10,18,4,4.6,54.77,0
CUST10718,53,20,73,15,9,9.9,437.75,0
CUST10719,19,38,16,74,8,7.7,253.07,1
CUST10720,45,61,35,105,2,9.6,51.81,0
CUST10721,43,32,20,7,4,7.8,230.74,0
CUST10722,40,26,17,32,4,8.7,134.06,0
CUST10723,32,58,59,73,1,7.1,330.98,0
CUST10724,53,39,17,17,3,7.6,355.71,0
CUST10725,44,20,0,34,1,5.2,269.39,0
CUST10726,23,50,13,42,4,9.2,68.23,0
CUST10727,52,52,7,49,9,8.3,345.26,0
CUST10728,56,22,65,2,1,8.4,428.92,0
CUST10729,55,53,50,103,9,6.7,374.15,0
CUST10730,52,66,78,90,8,3.0,423.48,0
CUST10731,53,43,59,58,9,0.4,140.23,0
CUST10732,27,23,33,27,5,9.4,450.0,0
CUST10733,47,64,35,45,7,5.9,194.99,0
CUST10734,58,9,61,63,8,3.0,56.03,0
CUST10735,55,7,0,69,7,1.5,429.53,1
CUST10736,46,41,41,46,4,8.3,473.82,0
CUST10737,56,54,0,13,4,8.4,345.0,0
CUST10738,21,65,53,6,5,8.1,154.15,0
CUST10739,22,2,46,73,0,6.5,163.29,0
CUST10740,21,4,38,78,7,3.7,259.97,1
CUST10741,53,32,29,30,1,3.0,454.02,0
CUST10742,33,2,6,92,5,0.1,117.32,1
CUST10743,42,64,21,105,8,8.3,421.69,0
CUST10744,31,14,49,117,2,0.9,181.09,1
CUST10745,28,20,44,80,1,6.3,413.86,0
CUST10746,46,49,73,50,9,5.0,464.12,0
CUST10747,51,8,71,28,4,5.3,242.37,0
CUST10748,39,63,9,112,8,9.3,214.27,1
CUST10749,31,46,13,107,5,0.3,411.0,1
CUST10750,41,21,45,14,7,7.7,288.27,0
CUST10751,56,32,74,89,7,0.5,358.0,0
CUST10752,43,8,5,75,6,0.4,330.27,1
CUST10753,53,16,20,24,4,4.3,118.8,0
CUST10754,56,40,61,60,1,0.6,430.16,0
CUST10755,33,27,18,40,9,7.9,138.1,0
CUST10756,55,18,61,68,9,5.3,469.53,1
CUST10757,49,35,52,3,4,0.3,162.76,0
CUST10758,23,52,23,107,6,0.4,380.25,1
CUST10759,51,15,55,111,6,6.1,178.09,1
CUST10760,25,63,61,104,1,8.1,193.0,0
CUST10761,47,53,33,56,6,4.4,189.5,0
CUST10762,44,66,21,30,5,5.5,386.55,0
CUST10763,24,31,67,2,6,8.0,300.57,0
CUST10764,44,61,56,116,7,6.1,447.33,1
CUST10765,42,64,9,66,3,2.2,188.32,0
CUST10766,58,34,65,89,0,6.1,361.4,0
CUST10767,32,55,7,49,7,6.3,388.83,0
CUST10768,42,59,37,16,7,7.3,118.17,0
CUST10769,39,3,61,59,2,6.2,230.27,0
CUST10770,35,17,27,73,2,9.7,267.27,0
CUST10771,29,46,9,65,4,2.0,210.06,0
CUST10772,40,38,44,87,2,9.5,194.95,0
CUST10773,56,35,64,74,4,5.4,358.89,0
CUST10774,42,1,66,23,7,6.7,147.14,0
CUST10775,27,29,8,98,0,1.0,369.23,0
CUST10776,47,4,4,86,1,3.8,470.77,1
CUST10777,27,61,9,31,1,7.7,304.34,0
CUST10778,51,17,11,86,3,7.1,325.15,0
CUST10779,30,28,57,97,8,0.4,81.02,1
CUST10780,46,50,20,104,1,5.5,439.01,0
CUST10781,55,8,20,18,8,0.9,178.45,0
CUST10782,58,34,64,65,6,10.0,326.77,0
CUST10783,26,59,2,59,9,9.0,490.6,0
CUST10784,30,18,68,114,7,0.2,317.98,1
CUST10785,54,59,63,65,0,8.6,376.12,0
CUST10786,31,27,48,14,4,9.2,250.39,0
CUST10787,54,16,71,119,8,3.5,77.16,1
CUST10788,26,10,16,84,3,7.2,408.92,0
CUST10789,25,22,72,34,1,4.4,65.75,0
CUST10790,56,16,31,68,5,6.6,365.3,0
CUST10791,57,12,69,106,1,3.4,60.31,0
CUST10792,20,51,20,26,2,3.2,438.04,0
CUST10793,57,1,6,87,7,4.2,120.94,1
CUST10794,50,27,6,6,2,1.5,281.42,0
CUST10795,49,67,26,5,1,8.3,318.72,0
CUST10796,24,12,7,109,5,3.5,255.9,1
CUST10797,36,30,72,32,2,4.0,203.34,0
CUST10798,51,9,27,57,0,8.9,260.52,0
CUST10799,31,53,78,48,2,5.0,190.14,0
CUST10800,36,61,65,16,5,5.4,247.16,0
CUST10801,43,54,70,109,2,9.6,211.51,0
CUST10802,34,37,46,41,8,8.9,304.79,0
CUST10803,45,65,9,93,6,1.7,157.07,1
CUST10804,36,42,32,71,4,4.7,494.9,0
CUST10805,44,49,6,39,1,9.7,275.39,0
CUST10806,36,4,2,45,8,3.7,137.37,1
CUST10807,50,64,13,70,4,3.7,264.68,0
CUST10808,24,51,43,69,6,2.0,439.89,0
CUST10809,46,60,45,67,8,1.1,59.81,0
CUST10810,22,31,60,0,3,7.4,355.8,0
CUST10811,47,58,35,78,8,7.7,296.59,0
CUST10812,25,4,12,94,0,9.7,126.3,0
CUST10813,59,22,15,88,5,7.7,417.86,1
CUST10814,29,3,79,110,1,2.4,216.0,0
CUST10815,59,47,4,96,7,0.4,182.21,1
CUST10816,30,38,37,51,4,9.9,422.66,0
CUST10817,43,33,49,34,2,3.4,337.34,0
CUST10818,35,48,37,118,1,3.1,454.22,0
CUST10819,59,65,55,68,7,9.1,333.45,0
CUST10820,37,26,62,4,6,5.9,383.37,0
CUST10821,33,8,47,99,8,2.1,426.4,1
CUST10822,54,50,58,16,7,8.9,74.63,0
CUST10823,20,38,76,52,3,9.9,399.22,0
CUST10824,44,10,43,51,1,0.9,326.17,0
CUST10825,32,42,54,13,1,8.6,81.28,0
CUST10826,51,37,54,28,1,3.9,278.86,0
CUST10827,39,26,0,7,5,5.2,87.11,0
CUST10828,57,12,7,97,6,9.1,381.18,1
CUST10829,40,49,3,103,5,9.7,295.93,1
CUST10830,21,14,52,0,1,2.6,479.11,0
CUST10831,58,46,57,28,3,2.1,132.41,0
CUST10832,40,35,36,35,2,0.8,322.72,0
CUST10833,26,29,48,50,3,5.6,145.21,0
CUST10834,41,12,66,36,4,0.1,326.33,0
CUST10835,38,44,18,92,6,4.1,375.19,1
CUST10836,58,66,0,68,8,0.7,375.04,1
CUST10837,33,2,28,52,1,4.1,416.78,0
CUST10838,42,59,32,95,7,0.4,434.1,1
CUST10839,43,17,51,51,2,8.4,84.77,0
CUST10840,26,10,40,87,8,2.1,204.47,1
CUST10841,32,18,22,82,9,3.3,359.21,1
CUST10842,56,22,4,11,3,8.7,274.36,0
CUST10843,50,58,70,51,2,7.5,135.8,0
CUST10844,18,53,56,0,9,2.2,298.72,0
CUST10845,22,1,5,6,5,0.7,233.35,1
CUST10846,26,61,48,16,9,7.2,225.52,0
CUST10847,23,31,21,97,8,3.9,414.39,1
CUST10848,45,31,76,42,6,7.7,233.42,0
CUST10849,43,66,75,70,3,4.5,61.9,0
CUST10850,45,19,3,16,2,3.5,76.13,0
CUST10851,57,53,71,58,9,4.5,435.31,0
CUST10852,32,22,63,2,3,7.5,482.27,0
CUST10853,23,23,36,28,2,9.0,359.78,0
CUST10854,44,15,30,21,2,0.5,213.97,0
CUST10855,55,26,36,37,8,5.2,472.37,0
CUST10856,21,3,44,53,3,0.3,348.26,0
CUST10857,28,20,7,106,8,4.7,429.95,1
CUST10858,38,40,39,92,9,8.9,394.63,1
CUST10859,47,39,4,113,4,3.6,220.61,1
CUST10860,35,18,27,49,6,9.3,265.42,0
CUST10861,52,41,8,117,4,6.3,133.76,1
CUST10862,20,70,1,105,0,9.3,181.41,0
CUST10863,29,27,62,68,1,7.6,400.16,0
CUST10864,44,15,50,29,4,1.0,452.29,0
CUST10865,47,37,30,22,5,2.3,376.01,0
CUST10866,38,58,6,118,6,3.9,259.33,1
CUST10867,55,5,29,84,1,1.7,88.93,0
CUST10868,38,7,57,119,9,4.9,75.63,1
CUST10869,55,41,2,89,8,4.7,218.45,1
CUST10870,57,10,50,117,5,9.6,258.72,1
CUST10871,32,62,55,46,1,4.3,324.1,0
CUST10872,35,26,72,20,1,7.9,52.92,0
CUST10873,46,68,9,19,2,9.4,495.38,0
CUST10874,55,24,60,22,0,8.8,213.77,0
CUST10875,38,41,49,67,8,2.1,431.64,0
CUST10876,34,65,46,20,9,5.0,290.74,0
CUST10877,58,17,0,20,3,3.5,108.7,0
CUST10878,35,24,56,0,4,4.0,408.9,0
CUST10879,54,27,37,14,6,3.6,369.42,0
CUST10880,55,7,61,16,0,8.3,287.35,0
CUST10881,29,12,78,50,2,4.5,281.55,0
CUST10882,28,3,69,62,2,5.2,89.37,0
CUST10883,37,10,64,13,1,9.8,345.13,0
CUST10884,26,33,61,58,7,0.6,460.06,0
CUST10885,18,46,55,82,4,4.9,91.96,1
CUST10886,20,59,66,49,0,7.7,168.58,0
CUST10887,38,52,16,33,1,1.5,456.04,0
CUST10888,40,6,7,5,0,6.1,177.95,0
CUST10889,26,2,59,108,5,2.4,344.27,1
CUST10890,36,29,39,48,8,8.7,290.67,0
CUST10891,36,40,61,5,6,3.3,318.35,0
CUST10892,40,61,40,116,4,3.3,237.11,1
CUST10893,44,68,11,117,2,6.0,185.0,1
CUST10894,44,68,53,68,7,1.8,71.84,0
CUST10895,56,29,10,6,9,2.8,384.93,0
CUST10896,53,62,59,96,3,4.2,385.74,0
CUST10897,29,60,67,76,8,3.5,351.83,0
CUST10898,44,41,77,50,4,5.2,339.64,0
CUST10899,51,65,45,117,5,6.0,159.67,0
CUST10900,50,64,37,0,4,5.7,60.06,0
CUST10901,45,63,60,12,9,6.5,413.92,0
CUST10902,48,48,16,42,6,3.1,271.01,0
CUST10903,49,20,65,26,6,1.3,188.08,0
CUST10904,37,37,71,70,0,7.6,95.87,0
CUST10905,57,64,35,115,1,8.5,78.22,0
CUST10906,52,5,73,2,6,2.6,206.99,0
CUST10907,48,34,6,57,7,4.1,412.13,0
CUST10908,48,39,15,88,3,5.0,463.43,1
CUST10909,55,67,13,96,5,5.3,453.54,0
CUST10910,39,62,79,103,9,6.6,464.0,0
CUST10911,58,24,24,16,2,0.4,458.48,0
CUST10912,26,3,3,44,6,7.2,287.25,0
CUST10913,26,71,28,77,2,0.6,148.74,0
CUST10914,32,67,55,100,6,4.7,409.12,0
CUST10915,30,50,5,57,7,8.3,146.17,0
CUST10916,39,29,0,55,2,4.5,170.24,1
CUST10917,33,32,38,53,1,1.5,154.96,0
CUST10918,49,39,0,86,5,9.9,281.74,0
CUST10919,19,9,62,87,3,8.9,194.82,0
CUST10920,43,14,56,28,7,7.7,119.37,0
CUST10921,31,68,66,101,1,4.1,253.93,0
CUST10922,55,64,64,53,3,1.8,443.26,0
CUST10923,51,20,64,26,1,9.4,306.75,0
CUST10924,25,28,20,101,1,5.3,445.25,1
CUST10925,53,14,29,116,1,8.5,138.14,1
CUST10926,38,44,32,103,0,3.4,125.14,0
CUST10927,45,39,47,44,3,3.4,309.01,0
CUST10928,23,28,21,113,1,9.9,258.5,0
CUST10929,37,64,53,86,8,5.2,347.08,0
CUST10930,48,32,3,30,8,1.4,407.58,0
CUST10931,50,9,54,35,6,2.2,388.09,0
CUST10932,24,28,43,80,5,4.8,474.02,1
CUST10933,25,17,11,60,2,0.4,229.22,0
CUST10934,26,55,78,36,6,4.6,142.87,0
CUST10935,19,10,73,66,0,4.2,297.91,0
CUST10936,34,6,51,35,8,7.8,99.83,0
CUST10937,54,48,75,118,3,3.5,179.98,0
CUST10938,59,67,64,4,5,9.8,143.55,0
CUST10939,34,41,64,45,5,1.8,228.45,0
CUST10940,55,60,9,78,2,5.9,100.05,0
CUST10941,52,42,17,51,3,0.9,64.33,0
CUST10942,56,71,46,48,9,7.3,345.56,0
CUST10943,47,28,65,5,2,9.9,324.61,0
CUST10944,23,13,48,9,5,8.2,368.76,0
CUST10945,21,15,71,117,0,5.6,347.17,0
CUST10946,54,36,21,95,7,4.8,101.43,1
CUST10947,52,15,25,22,7,8.4,180.99,0
CUST10948,26,56,8,111,8,9.4,108.29,1
CUST10949,23,4,20,16,5,9.9,429.34,0
CUST10950,30,52,62,109,0,4.0,386.11,0
CUST10951,39,10,5,83,2,9.9,140.69,0
CUST10952,45,45,13,43,0,1.6,203.59,0
CUST10953,47,29,32,40,4,2.5,484.98,0
CUST10954,53,53,70,14,2,0.9,317.37,0
CUST10955,19,29,23,43,1,2.7,410.52,0
CUST10956,53,23,72,109,2,7.7,169.07,0
CUST10957,25,57,74,57,8,8.5,144.52,0
CUST10958,59,50,50,85,7,7.8,402.76,0
CUST10959,26,21,1,49,2,6.3,358.64,0
CUST10960,18,43,14,51,1,5.1,356.44,0
CUST10961,30,10,34,69,4,7.1,298.69,0
CUST10962,32,30,35,67,0,3.9,303.61,0
CUST10963,49,51,38,62,3,8.4,381.06,0
CUST10964,51,33,3,57,7,6.8,171.5,0
CUST10965,48,18,63,22,0,7.0,208.75,0
CUST10966,31,22,73,43,4,5.4,442.24,0
CUST10967,31,64,5,108,3,8.9,188.99,0
CUST10968,46,21,56,82,5,2.5,295.84,1
CUST10969,36,1,29,117,6,3.8,366.19,1
CUST10970,44,15,73,108,8,7.8,499.97,0
CUST10971,26,36,66,94,0,4.9,245.88,0
CUST10972,54,47,14,43,9,8.9,242.64,0
CUST10973,54,54,16,51,3,3.5,429.16,0
CUST10974,45,32,17,66,5,3.7,412.48,0
CUST10975,41,58,18,27,9,8.9,378.98,0
CUST10976,45,46,75,66,6,4.6,258.45,0
CUST10977,53,54,68,77,6,5.2,195.77,0
CUST10978,35,33,23,17,7,3.3,323.93,0
CUST10979,42,39,47,26,9,2.8,444.3,0
CUST10980,52,23,29,50,7,6.6,447.7,0
CUST10981,21,43,14,59,7,1.2,98.82,0
CUST10982,31,55,46,73,7,8.8,242.76,0
CUST10983,56,2,43,48,7,7.8,259.12,0
CUST10984,43,66,26,14,5,1.9,489.93,0
CUST10985,25,38,63,82,8,6.9,355.1,0
CUST10986,41,29,40,72,2,6.0,233.26,0
CUST10987,33,67,67,67,5,1.8,61.73,0
CUST10988,37,71,4,14,4,2.7,304.42,0
CUST10989,32,36,52,50,7,4.1,93.23,0
CUST10990,24,29,7,47,3,7.0,425.5,0
CUST10991,34,37,21,71,3,6.4,388.63,0
CUST10992,39,45,6,112,9,5.3,257.23,1
CUST10993,39,16,21,116,9,7.7,243.14,1
CUST10994,29,31,45,0,4,7.6,453.8,0
CUST10995,35,34,29,6,5,6.2,179.81,0
CUST10996,32,50,15,52,3,7.9,162.06,0
CUST10997,54,65,78,30,1,3.3,472.64,0
CUST10998,33,62,4,17,1,8.8,414.16,0
CUST10999,22,43,66,11,2,6.1,419.28,0
