Customer_ID,Churn_Probability,Predicted_Churn,Risk_Level
CUST10000,0.003114321098029779,0,Low Risk
CUST10001,0.005439041858273036,0,Low Risk
CUST10002,0.008879172377773975,0,Low Risk
CUST10003,0.0028835434472507093,0,Low Risk
CUST10004,0.01540043128513039,0,Low Risk
CUST10005,0.854754279866262,1,High Risk
CUST10006,0.33629504648869685,0,Low Risk
CUST10007,0.0007833749743314614,0,Low Risk
CUST10008,0.019488978077871436,0,Low Risk
CUST10009,0.03682259026317804,0,Low Risk
CUST10010,0.017071429072194694,0,Low Risk
CUST10011,0.011063544943891238,0,Low Risk
CUST10012,0.02211350741026622,0,Low Risk
CUST10013,0.31081676982837647,0,Low Risk
CUST10014,0.03389203561488648,0,Low Risk
CUST10015,0.33923772758167076,0,Low Risk
CUST10016,0.37825367667888943,0,Medium Risk
CUST10017,0.00402074106315323,0,Low Risk
CUST10018,0.0032038073690286517,0,Low Risk
CUST10019,0.1018298149765533,0,Low Risk
CUST10020,0.001178585970762065,0,Low Risk
CUST10021,0.00855444656547549,0,Low Risk
CUST10022,0.9641498293190743,1,High Risk
CUST10023,0.24541756891280067,0,Low Risk
CUST10024,0.7784371064162423,1,High Risk
CUST10025,0.010425082947084063,0,Low Risk
CUST10026,0.002579853006487402,0,Low Risk
CUST10027,0.6545012750323088,1,High Risk
CUST10028,0.00641919590432264,0,Low Risk
CUST10029,0.023850742464688976,0,Low Risk
CUST10030,0.009557122853091462,0,Low Risk
CUST10031,0.0026038892378518652,0,Low Risk
CUST10032,0.019760583604219884,0,Low Risk
CUST10033,0.002594200828699659,0,Low Risk
CUST10034,0.03219303070419623,0,Low Risk
CUST10035,0.9476497055151492,1,High Risk
CUST10036,0.001278807325774296,0,Low Risk
CUST10037,0.2764106013666585,0,Low Risk
CUST10038,0.9231783153831618,1,High Risk
CUST10039,0.015140407021208351,0,Low Risk
CUST10040,0.1250713464245284,0,Low Risk
CUST10041,0.0029476379410116123,0,Low Risk
CUST10042,0.03566311417667863,0,Low Risk
CUST10043,0.009644827528405047,0,Low Risk
CUST10044,0.020616845670881533,0,Low Risk
CUST10045,0.014742970811042791,0,Low Risk
CUST10046,0.028286081554001703,0,Low Risk
CUST10047,0.0925463210566448,0,Low Risk
CUST10048,0.06499967962301069,0,Low Risk
CUST10049,0.09135071220266623,0,Low Risk
CUST10050,0.011336296982849006,0,Low Risk
CUST10051,0.8318119575459616,1,High Risk
CUST10052,0.1267706901647662,0,Low Risk
CUST10053,0.09052516145431147,0,Low Risk
CUST10054,0.002765481724025113,0,Low Risk
CUST10055,0.002356799460399599,0,Low Risk
CUST10056,0.009342291819520681,0,Low Risk
CUST10057,0.01277457553524338,0,Low Risk
CUST10058,0.15655128383074526,0,Low Risk
CUST10059,0.06407960625075082,0,Low Risk
CUST10060,0.002401949700985845,0,Low Risk
CUST10061,0.012624416543558063,0,Low Risk
CUST10062,0.2578302875261452,0,Low Risk
CUST10063,0.9926173878154566,1,High Risk
CUST10064,0.007890694086986236,0,Low Risk
CUST10065,0.901599006993753,1,High Risk
CUST10066,0.005689515482554951,0,Low Risk
CUST10067,0.047263575983972,0,Low Risk
CUST10068,0.03460902530429525,0,Low Risk
CUST10069,0.0051923893965910226,0,Low Risk
CUST10070,0.7425822950096959,1,High Risk
CUST10071,0.29363567865122425,0,Low Risk
CUST10072,0.059432721181579086,0,Low Risk
CUST10073,0.0017299954127353244,0,Low Risk
CUST10074,0.009127950169674914,0,Low Risk
CUST10075,0.06633415214089039,0,Low Risk
CUST10076,0.002168384007131816,0,Low Risk
CUST10077,0.004758318730384985,0,Low Risk
CUST10078,0.006696630067585118,0,Low Risk
CUST10079,0.8821713049103174,1,High Risk
CUST10080,0.012486749217726047,0,Low Risk
CUST10081,0.3301728958585196,0,Low Risk
CUST10082,0.2557614131225894,0,Low Risk
CUST10083,0.016543436537777435,0,Low Risk
CUST10084,0.3578521827967741,0,Medium Risk
CUST10085,0.0010907818268736415,0,Low Risk
CUST10086,0.0036990341292192364,0,Low Risk
CUST10087,0.004621881452999859,0,Low Risk
CUST10088,0.006418499320052097,0,Low Risk
CUST10089,0.005452760262053725,0,Low Risk
CUST10090,0.12086895933679581,0,Low Risk
CUST10091,0.057093968249291555,0,Low Risk
CUST10092,0.056068104712073866,0,Low Risk
CUST10093,0.9540931444848798,1,High Risk
CUST10094,0.03283428411641608,0,Low Risk
CUST10095,0.008241642688275135,0,Low Risk
CUST10096,0.02669822250696415,0,Low Risk
CUST10097,0.026925131018256193,0,Low Risk
CUST10098,0.9258970640626837,1,High Risk
CUST10099,0.004582669473877481,0,Low Risk
CUST10100,0.0032830241124627625,0,Low Risk
CUST10101,0.008093824678636336,0,Low Risk
CUST10102,0.9393540242852481,1,High Risk
CUST10103,0.006270948815546626,0,Low Risk
CUST10104,0.13314463081625225,0,Low Risk
CUST10105,0.45480832170965646,0,Medium Risk
CUST10106,0.40928727704783024,0,Medium Risk
CUST10107,0.9750185938122117,1,High Risk
CUST10108,0.9409744717803188,1,High Risk
CUST10109,0.024714885037761994,0,Low Risk
CUST10110,0.992093952326231,1,High Risk
CUST10111,0.006264680148081123,0,Low Risk
CUST10112,0.14520914138417798,0,Low Risk
CUST10113,0.05462100538266174,0,Low Risk
CUST10114,0.007874253074440151,0,Low Risk
CUST10115,0.006637755597156726,0,Low Risk
CUST10116,0.08113726447912642,0,Low Risk
CUST10117,0.0027157599029660785,0,Low Risk
CUST10118,0.01587932672843478,0,Low Risk
CUST10119,0.8666956881683303,1,High Risk
CUST10120,0.006094592126022531,0,Low Risk
CUST10121,0.002071957581826463,0,Low Risk
CUST10122,0.0015955449751418836,0,Low Risk
CUST10123,0.9477176188332851,1,High Risk
CUST10124,0.003964746587346624,0,Low Risk
CUST10125,0.0025317617712401924,0,Low Risk
CUST10126,0.12911470742018674,0,Low Risk
CUST10127,0.007340298520566532,0,Low Risk
CUST10128,0.0027822827836572043,0,Low Risk
CUST10129,0.0035620665049568827,0,Low Risk
CUST10130,0.9352471139491625,1,High Risk
CUST10131,0.0014625409610960014,0,Low Risk
CUST10132,0.0010165844898388009,0,Low Risk
CUST10133,0.08807336921844516,0,Low Risk
CUST10134,0.006738243353256245,0,Low Risk
CUST10135,0.5770470512666088,1,Medium Risk
CUST10136,0.005536389672748545,0,Low Risk
CUST10137,0.040806048795946154,0,Low Risk
CUST10138,0.0016997313311565045,0,Low Risk
CUST10139,0.003859252902729015,0,Low Risk
CUST10140,0.013761045639503523,0,Low Risk
CUST10141,0.03721911927962711,0,Low Risk
CUST10142,0.001867654521705238,0,Low Risk
CUST10143,0.13975708618777882,0,Low Risk
CUST10144,0.005263708801419124,0,Low Risk
CUST10145,0.0017517830247851622,0,Low Risk
CUST10146,0.0028172349000393925,0,Low Risk
CUST10147,0.9183085101574089,1,High Risk
CUST10148,0.020564094263760064,0,Low Risk
CUST10149,0.7308120318938145,1,High Risk
CUST10150,0.017653281661404095,0,Low Risk
CUST10151,0.001889414538477627,0,Low Risk
CUST10152,0.0017678309626221634,0,Low Risk
CUST10153,0.002964323755725511,0,Low Risk
CUST10154,0.0019059850519027109,0,Low Risk
CUST10155,0.028099018384941773,0,Low Risk
CUST10156,0.0016142528489545339,0,Low Risk
CUST10157,0.8369100800922886,1,High Risk
CUST10158,0.003833431628126535,0,Low Risk
CUST10159,0.016679329984972357,0,Low Risk
CUST10160,0.10188668692004778,0,Low Risk
CUST10161,0.991152675231335,1,High Risk
CUST10162,0.0018960758692319428,0,Low Risk
CUST10163,0.02332359218577938,0,Low Risk
CUST10164,0.002707027813284369,0,Low Risk
CUST10165,0.9975272672685082,1,High Risk
CUST10166,0.03652006457175437,0,Low Risk
CUST10167,0.10654042064816749,0,Low Risk
CUST10168,0.002472788161780997,0,Low Risk
CUST10169,0.8820452320768133,1,High Risk
CUST10170,0.0018287963592514005,0,Low Risk
CUST10171,0.01198885336184513,0,Low Risk
CUST10172,0.0017218347093248348,0,Low Risk
CUST10173,0.008759969785320523,0,Low Risk
CUST10174,0.005732798630163786,0,Low Risk
CUST10175,0.0022283307472096073,0,Low Risk
CUST10176,0.010046014130244243,0,Low Risk
CUST10177,0.00589202636822555,0,Low Risk
CUST10178,0.02987184980795503,0,Low Risk
CUST10179,0.03425056091023737,0,Low Risk
CUST10180,0.019265711457626088,0,Low Risk
CUST10181,0.9697168325844924,1,High Risk
CUST10182,0.04806348736162827,0,Low Risk
CUST10183,0.9444800995896969,1,High Risk
CUST10184,0.0013102004321902002,0,Low Risk
CUST10185,0.007610371902248674,0,Low Risk
CUST10186,0.04251786055051746,0,Low Risk
CUST10187,0.5420776257094646,1,Medium Risk
CUST10188,0.04035247305084339,0,Low Risk
CUST10189,0.00534835410600586,0,Low Risk
CUST10190,0.007812455473284597,0,Low Risk
CUST10191,0.044130428401698896,0,Low Risk
CUST10192,0.7769725783796387,1,High Risk
CUST10193,0.019110481526586426,0,Low Risk
CUST10194,0.008400023587870124,0,Low Risk
CUST10195,0.9870377225031398,1,High Risk
CUST10196,0.01660988398719527,0,Low Risk
CUST10197,0.9871616183440352,1,High Risk
CUST10198,0.004309503973134217,0,Low Risk
CUST10199,0.012292159432635908,0,Low Risk
CUST10200,0.008904096248676906,0,Low Risk
CUST10201,0.004196358765198645,0,Low Risk
CUST10202,0.012614369033128046,0,Low Risk
CUST10203,0.009355451800297043,0,Low Risk
CUST10204,0.015819737407891325,0,Low Risk
CUST10205,0.3110516382899071,0,Low Risk
CUST10206,0.004632523814989113,0,Low Risk
CUST10207,0.0013758015486220003,0,Low Risk
CUST10208,0.9149448496552949,1,High Risk
CUST10209,0.4528759898230597,0,Medium Risk
CUST10210,0.7930777733479093,1,High Risk
CUST10211,0.01656921728888901,0,Low Risk
CUST10212,0.0031257063421641727,0,Low Risk
CUST10213,0.9054030672134128,1,High Risk
CUST10214,0.03129140928781156,0,Low Risk
CUST10215,0.049338229158159046,0,Low Risk
CUST10216,0.03607136981541914,0,Low Risk
CUST10217,0.021602573667869707,0,Low Risk
CUST10218,0.42379404764517065,0,Medium Risk
CUST10219,0.0016276324051990702,0,Low Risk
CUST10220,0.011035384785030551,0,Low Risk
CUST10221,0.0979672916065104,0,Low Risk
CUST10222,0.28800482681040923,0,Low Risk
CUST10223,0.11536580119115168,0,Low Risk
CUST10224,0.9771991362510004,1,High Risk
CUST10225,0.0035726475439071905,0,Low Risk
CUST10226,0.005086725165886187,0,Low Risk
CUST10227,0.9764590723083876,1,High Risk
CUST10228,0.027041694654856455,0,Low Risk
CUST10229,0.03106188399173237,0,Low Risk
CUST10230,0.0037401359129313172,0,Low Risk
CUST10231,0.00275525085343004,0,Low Risk
CUST10232,0.0018466348835018977,0,Low Risk
CUST10233,0.03646616685484076,0,Low Risk
CUST10234,0.001478592063200796,0,Low Risk
CUST10235,0.004534406088608374,0,Low Risk
CUST10236,0.007843449122513025,0,Low Risk
CUST10237,0.022240584208903028,0,Low Risk
CUST10238,0.06971436350239296,0,Low Risk
CUST10239,0.022735298194929154,0,Low Risk
CUST10240,0.9673394384625157,1,High Risk
CUST10241,0.0025915049161470255,0,Low Risk
CUST10242,0.001541033380469454,0,Low Risk
CUST10243,0.7932758366851765,1,High Risk
CUST10244,0.003368481786629137,0,Low Risk
CUST10245,0.004578032883147956,0,Low Risk
CUST10246,0.017586427025783093,0,Low Risk
CUST10247,0.0038264085523854446,0,Low Risk
CUST10248,0.0367854821130769,0,Low Risk
CUST10249,0.4979669925990167,0,Medium Risk
CUST10250,0.0016252177862348832,0,Low Risk
CUST10251,0.7481981016935202,1,High Risk
CUST10252,0.980961546035468,1,High Risk
CUST10253,0.21909017627993538,0,Low Risk
CUST10254,0.0014494058782974853,0,Low Risk
CUST10255,0.06876536880829068,0,Low Risk
CUST10256,0.0017327091672904465,0,Low Risk
CUST10257,0.004245617418271042,0,Low Risk
CUST10258,0.011771218285329198,0,Low Risk
CUST10259,0.9199112368477272,1,High Risk
CUST10260,0.029137798757337102,0,Low Risk
CUST10261,0.006993168793116602,0,Low Risk
CUST10262,0.9091567190452822,1,High Risk
CUST10263,0.9823661386296209,1,High Risk
CUST10264,0.009494291230206519,0,Low Risk
CUST10265,0.007590834558950421,0,Low Risk
CUST10266,0.026701074354182994,0,Low Risk
CUST10267,0.7964569915737135,1,High Risk
CUST10268,0.005547981267094173,0,Low Risk
CUST10269,0.0015581169956722105,0,Low Risk
CUST10270,0.0012551481454636368,0,Low Risk
CUST10271,0.17241813209833165,0,Low Risk
CUST10272,0.004179917854378913,0,Low Risk
CUST10273,0.9644186500184048,1,High Risk
CUST10274,0.191357154014994,0,Low Risk
CUST10275,0.9367055423473459,1,High Risk
CUST10276,0.005782506362886037,0,Low Risk
CUST10277,0.879572685961938,1,High Risk
CUST10278,0.0048111306821551555,0,Low Risk
CUST10279,0.0334492817422047,0,Low Risk
CUST10280,0.004426225486949739,0,Low Risk
CUST10281,0.0009476384173224061,0,Low Risk
CUST10282,0.03422574581212598,0,Low Risk
CUST10283,0.008865260447889475,0,Low Risk
CUST10284,0.9015625800093128,1,High Risk
CUST10285,0.0032985715941261165,0,Low Risk
CUST10286,0.006655388224511641,0,Low Risk
CUST10287,0.02936545502338398,0,Low Risk
CUST10288,0.0012135988384988595,0,Low Risk
CUST10289,0.0011238706406084809,0,Low Risk
CUST10290,0.8856258106835989,1,High Risk
CUST10291,0.0021972448070792464,0,Low Risk
CUST10292,0.0026087433992300815,0,Low Risk
CUST10293,0.03197162131578355,0,Low Risk
CUST10294,0.25674991782708595,0,Low Risk
CUST10295,0.01931741779911004,0,Low Risk
CUST10296,0.00655252797498783,0,Low Risk
CUST10297,0.002815062300415287,0,Low Risk
CUST10298,0.010246001175595012,0,Low Risk
CUST10299,0.011435805634847904,0,Low Risk
CUST10300,0.009261875275764145,0,Low Risk
CUST10301,0.021055794046835313,0,Low Risk
CUST10302,0.001291638212976258,0,Low Risk
CUST10303,0.005384736691472428,0,Low Risk
CUST10304,0.0019242071779517732,0,Low Risk
CUST10305,0.10745303850499584,0,Low Risk
CUST10306,0.007071626159581765,0,Low Risk
CUST10307,0.0012535189370729825,0,Low Risk
CUST10308,0.03856089879745953,0,Low Risk
CUST10309,0.011805152286282677,0,Low Risk
CUST10310,0.0019099410947408398,0,Low Risk
CUST10311,0.0035855070742378406,0,Low Risk
CUST10312,0.0023014003521941956,0,Low Risk
CUST10313,0.0021863636901383776,0,Low Risk
CUST10314,0.9567586082085998,1,High Risk
CUST10315,0.009276501404432912,0,Low Risk
CUST10316,0.004062217459346301,0,Low Risk
CUST10317,0.03490251933625424,0,Low Risk
CUST10318,0.09117701651223066,0,Low Risk
CUST10319,0.007003990669022256,0,Low Risk
CUST10320,0.0032252894877858465,0,Low Risk
CUST10321,0.9651431929129577,1,High Risk
CUST10322,0.012336621096343911,0,Low Risk
CUST10323,0.9901680774310356,1,High Risk
CUST10324,0.0022662363796389054,0,Low Risk
CUST10325,0.11908226132082897,0,Low Risk
CUST10326,0.004369612757850423,0,Low Risk
CUST10327,0.009685050798565565,0,Low Risk
CUST10328,0.05955640230867603,0,Low Risk
CUST10329,0.9822408388587259,1,High Risk
CUST10330,0.011824863609751757,0,Low Risk
CUST10331,0.034152746207737644,0,Low Risk
CUST10332,0.007021487404269582,0,Low Risk
CUST10333,0.004606495445414148,0,Low Risk
CUST10334,0.03758870335319536,0,Low Risk
CUST10335,0.06037736193925752,0,Low Risk
CUST10336,0.0014785050702117491,0,Low Risk
CUST10337,0.004546872425924434,0,Low Risk
CUST10338,0.002010917957618667,0,Low Risk
CUST10339,0.0024948532405724734,0,Low Risk
CUST10340,0.9297759258990277,1,High Risk
CUST10341,0.979691283832505,1,High Risk
CUST10342,0.837680355081275,1,High Risk
CUST10343,0.02051038777897227,0,Low Risk
CUST10344,0.3062571847139362,0,Low Risk
CUST10345,0.7939685050648112,1,High Risk
CUST10346,0.005082530398733144,0,Low Risk
CUST10347,0.7606889760589529,1,High Risk
CUST10348,0.01023974659571911,0,Low Risk
CUST10349,0.0027464219340940506,0,Low Risk
CUST10350,0.0057743290466968095,0,Low Risk
CUST10351,0.004272474151236677,0,Low Risk
CUST10352,0.019178785998527546,0,Low Risk
CUST10353,0.07904777140388038,0,Low Risk
CUST10354,0.00514784241303592,0,Low Risk
CUST10355,0.8751151748081144,1,High Risk
CUST10356,0.0018737231255864222,0,Low Risk
CUST10357,0.0014931562698529504,0,Low Risk
CUST10358,0.0018673758435684084,0,Low Risk
CUST10359,0.004054934916412697,0,Low Risk
CUST10360,0.09930600169680609,0,Low Risk
CUST10361,0.0038506776632347035,0,Low Risk
CUST10362,0.0023792541535824917,0,Low Risk
CUST10363,0.01575732211061768,0,Low Risk
CUST10364,0.005289893702922689,0,Low Risk
CUST10365,0.001705041770702635,0,Low Risk
CUST10366,0.006861383813256224,0,Low Risk
CUST10367,0.0022157411671225326,0,Low Risk
CUST10368,0.3104475265288803,0,Low Risk
CUST10369,0.0037455638530967407,0,Low Risk
CUST10370,0.004129261728880051,0,Low Risk
CUST10371,0.003537310866573809,0,Low Risk
CUST10372,0.9827956212674985,1,High Risk
CUST10373,0.07175753155913865,0,Low Risk
CUST10374,0.002982118119305835,0,Low Risk
CUST10375,0.0790205858238364,0,Low Risk
CUST10376,0.004698757180035599,0,Low Risk
CUST10377,0.006378100141361636,0,Low Risk
CUST10378,0.0013289448186965677,0,Low Risk
CUST10379,0.12388345015557962,0,Low Risk
CUST10380,0.013732321990330308,0,Low Risk
CUST10381,0.112363419064035,0,Low Risk
CUST10382,0.009482336017536565,0,Low Risk
CUST10383,0.050348256145735994,0,Low Risk
CUST10384,0.10806466620893286,0,Low Risk
CUST10385,0.02324723174972599,0,Low Risk
CUST10386,0.6742005594857926,1,High Risk
CUST10387,0.0629123365256617,0,Low Risk
CUST10388,0.014718152179130625,0,Low Risk
CUST10389,0.008146988667826633,0,Low Risk
CUST10390,0.050019551403530135,0,Low Risk
CUST10391,0.04383004441466702,0,Low Risk
CUST10392,0.6808051579278738,1,High Risk
CUST10393,0.9913165064557274,1,High Risk
CUST10394,0.0010262395937874998,0,Low Risk
CUST10395,0.010771949082094804,0,Low Risk
CUST10396,0.01292381163805576,0,Low Risk
CUST10397,0.012377838214150234,0,Low Risk
CUST10398,0.7596048463329488,1,High Risk
CUST10399,0.0072884648105321906,0,Low Risk
CUST10400,0.028451252240566542,0,Low Risk
CUST10401,0.0051430444669854055,0,Low Risk
CUST10402,0.007809387490208305,0,Low Risk
CUST10403,0.11989532478866222,0,Low Risk
CUST10404,0.03353764846459878,0,Low Risk
CUST10405,0.27560714900291455,0,Low Risk
CUST10406,0.012413106513852882,0,Low Risk
CUST10407,0.006464096282871222,0,Low Risk
CUST10408,0.8580779234133483,1,High Risk
CUST10409,0.0022028042230815455,0,Low Risk
CUST10410,0.034652353346656756,0,Low Risk
CUST10411,0.9944359082093538,1,High Risk
CUST10412,0.05009557873180564,0,Low Risk
CUST10413,0.0036072054941295385,0,Low Risk
CUST10414,0.08520965146498233,0,Low Risk
CUST10415,0.007754940124889603,0,Low Risk
CUST10416,0.009826307439348092,0,Low Risk
CUST10417,0.002023617187640629,0,Low Risk
CUST10418,0.08931250969788078,0,Low Risk
CUST10419,0.006330566064919616,0,Low Risk
CUST10420,0.0032336627966389887,0,Low Risk
CUST10421,0.8972130806060041,1,High Risk
CUST10422,0.9794084687090585,1,High Risk
CUST10423,0.0029692429901952574,0,Low Risk
CUST10424,0.0020436093363272274,0,Low Risk
CUST10425,0.009609683117515495,0,Low Risk
CUST10426,0.011099110291718723,0,Low Risk
CUST10427,0.002927052432313907,0,Low Risk
CUST10428,0.0021178431705901448,0,Low Risk
CUST10429,0.07870370583776402,0,Low Risk
CUST10430,0.6101234789452271,1,Medium Risk
CUST10431,0.005189832473911137,0,Low Risk
CUST10432,0.005989586076102924,0,Low Risk
CUST10433,0.010793630019148846,0,Low Risk
CUST10434,0.007862767499150247,0,Low Risk
CUST10435,0.004670793912048279,0,Low Risk
CUST10436,0.9906442582727929,1,High Risk
CUST10437,0.4863879968407095,0,Medium Risk
CUST10438,0.00282048618208819,0,Low Risk
CUST10439,0.024178404880892485,0,Low Risk
CUST10440,0.20258709221728116,0,Low Risk
CUST10441,0.982262211929736,1,High Risk
CUST10442,0.0022662363796389054,0,Low Risk
CUST10443,0.16621038805473579,0,Low Risk
CUST10444,0.05299018314749047,0,Low Risk
CUST10445,0.0033485113114655445,0,Low Risk
CUST10446,0.02328266219504502,0,Low Risk
CUST10447,0.007572487253513275,0,Low Risk
CUST10448,0.0014306818528931726,0,Low Risk
CUST10449,0.003390567800299825,0,Low Risk
CUST10450,0.010060220240295101,0,Low Risk
CUST10451,0.0034626542413215694,0,Low Risk
CUST10452,0.0029670691014264273,0,Low Risk
CUST10453,0.011387126019384708,0,Low Risk
CUST10454,0.952966544798323,1,High Risk
CUST10455,0.004341042025366472,0,Low Risk
CUST10456,0.0013475312234173765,0,Low Risk
CUST10457,0.016603460872323127,0,Low Risk
CUST10458,0.047139159512856244,0,Low Risk
CUST10459,0.6793115842004488,1,High Risk
CUST10460,0.01241037109680223,0,Low Risk
CUST10461,0.017804840629237196,0,Low Risk
CUST10462,0.050148313698412675,0,Low Risk
CUST10463,0.027351903551626665,0,Low Risk
CUST10464,0.0032033066290009307,0,Low Risk
CUST10465,0.01196277370909228,0,Low Risk
CUST10466,0.016378966425436035,0,Low Risk
CUST10467,0.0025374228674412062,0,Low Risk
CUST10468,0.06783006400707027,0,Low Risk
CUST10469,0.45150360329255856,0,Medium Risk
CUST10470,0.966237761903802,1,High Risk
CUST10471,0.002658964160451376,0,Low Risk
CUST10472,0.0075619703468323,0,Low Risk
CUST10473,0.6737673943895786,1,High Risk
CUST10474,0.005095471285267424,0,Low Risk
CUST10475,0.00812462815026928,0,Low Risk
CUST10476,0.0013250346071930006,0,Low Risk
CUST10477,0.9118056653430817,1,High Risk
CUST10478,0.001171874301962073,0,Low Risk
CUST10479,0.7312629000527933,1,High Risk
CUST10480,0.009502306150481414,0,Low Risk
CUST10481,0.006180976517394529,0,Low Risk
CUST10482,0.8946043078930692,1,High Risk
CUST10483,0.010608784882972472,0,Low Risk
CUST10484,0.0025080743830473433,0,Low Risk
CUST10485,0.003511136898392029,0,Low Risk
CUST10486,0.002103230123750157,0,Low Risk
CUST10487,0.0017098965448471227,0,Low Risk
CUST10488,0.0020988974885534544,0,Low Risk
CUST10489,0.9883956766233639,1,High Risk
CUST10490,0.002110490436006838,0,Low Risk
CUST10491,0.006760288184733777,0,Low Risk
CUST10492,0.0018972821325735367,0,Low Risk
CUST10493,0.003964456841279885,0,Low Risk
CUST10494,0.001951738812380905,0,Low Risk
CUST10495,0.9855180951870354,1,High Risk
CUST10496,0.004726288235178701,0,Low Risk
CUST10497,0.022930998971784588,0,Low Risk
CUST10498,0.11856061074766797,0,Low Risk
CUST10499,0.06735524889491237,0,Low Risk
CUST10500,0.004065131727265118,0,Low Risk
CUST10501,0.03941677072516637,0,Low Risk
CUST10502,0.9422485664524985,1,High Risk
CUST10503,0.06730314344304267,0,Low Risk
CUST10504,0.020154776752465825,0,Low Risk
CUST10505,0.009948347774270455,0,Low Risk
CUST10506,0.008737197109678463,0,Low Risk
CUST10507,0.06632325627868199,0,Low Risk
CUST10508,0.014626583248614019,0,Low Risk
CUST10509,0.0022580799419657125,0,Low Risk
CUST10510,0.007466350837614466,0,Low Risk
CUST10511,0.0025672394520229814,0,Low Risk
CUST10512,0.009962883750901637,0,Low Risk
CUST10513,0.6948555993024165,1,High Risk
CUST10514,0.026123022017367388,0,Low Risk
CUST10515,0.008792369130548438,0,Low Risk
CUST10516,0.0032838881027399272,0,Low Risk
CUST10517,0.004455636135983844,0,Low Risk
CUST10518,0.010940054029360456,0,Low Risk
CUST10519,0.0011774533232993519,0,Low Risk
CUST10520,0.6763207620294316,1,High Risk
CUST10521,0.002028909872084977,0,Low Risk
CUST10522,0.0030797823211464255,0,Low Risk
CUST10523,0.2678749666157642,0,Low Risk
CUST10524,0.9109447894516728,1,High Risk
CUST10525,0.001639547657987407,0,Low Risk
CUST10526,0.007964886453561021,0,Low Risk
CUST10527,0.14311790719331738,0,Low Risk
CUST10528,0.9857011215703511,1,High Risk
CUST10529,0.013687569733992228,0,Low Risk
CUST10530,0.004515368798603734,0,Low Risk
CUST10531,0.9838511759230437,1,High Risk
CUST10532,0.9955938171522141,1,High Risk
CUST10533,0.0024500970933210055,0,Low Risk
CUST10534,0.012540770757812503,0,Low Risk
CUST10535,0.010510428250982928,0,Low Risk
CUST10536,0.23641210369330212,0,Low Risk
CUST10537,0.003040971270172902,0,Low Risk
CUST10538,0.11880419308155572,0,Low Risk
CUST10539,0.0036472235464150822,0,Low Risk
CUST10540,0.8029736952188615,1,High Risk
CUST10541,0.011223824166103952,0,Low Risk
CUST10542,0.026539798099617908,0,Low Risk
CUST10543,0.027296238436273604,0,Low Risk
CUST10544,0.014098692446287952,0,Low Risk
CUST10545,0.000818604014016636,0,Low Risk
CUST10546,0.00889876737193147,0,Low Risk
CUST10547,0.003079552542181278,0,Low Risk
CUST10548,0.00722520935478691,0,Low Risk
CUST10549,0.0014641615953694992,0,Low Risk
CUST10550,0.004162345381997884,0,Low Risk
CUST10551,0.0030005328482541204,0,Low Risk
CUST10552,0.6208273218271197,1,Medium Risk
CUST10553,0.19174201701462346,0,Low Risk
CUST10554,0.014952366113022775,0,Low Risk
CUST10555,0.042787098039367165,0,Low Risk
CUST10556,0.35872596282737396,0,Medium Risk
CUST10557,0.00082260688055195,0,Low Risk
CUST10558,0.13846189630434583,0,Low Risk
CUST10559,0.002013550333300155,0,Low Risk
CUST10560,0.011143542417128597,0,Low Risk
CUST10561,0.9917119194370357,1,High Risk
CUST10562,0.6940665689431518,1,High Risk
CUST10563,0.9419201693306015,1,High Risk
CUST10564,0.003122068872424237,0,Low Risk
CUST10565,0.06803951288504824,0,Low Risk
CUST10566,0.003610004332388526,0,Low Risk
CUST10567,0.18572806747069315,0,Low Risk
CUST10568,0.017430292756356772,0,Low Risk
CUST10569,0.03157562845077399,0,Low Risk
CUST10570,0.7632176571659968,1,High Risk
CUST10571,0.008091061164862046,0,Low Risk
CUST10572,0.002803488799574247,0,Low Risk
CUST10573,0.004902609427072707,0,Low Risk
CUST10574,0.002505803162948164,0,Low Risk
CUST10575,0.6086589823099301,1,Medium Risk
CUST10576,0.0033911992517327095,0,Low Risk
CUST10577,0.9222343822054132,1,High Risk
CUST10578,0.001382568921470592,0,Low Risk
CUST10579,0.1285572584919423,0,Low Risk
CUST10580,0.9514888460824665,1,High Risk
CUST10581,0.006197148470664786,0,Low Risk
CUST10582,0.010062358400708675,0,Low Risk
CUST10583,0.03269056086746545,0,Low Risk
CUST10584,0.9211130287713261,1,High Risk
CUST10585,0.00875562354138655,0,Low Risk
CUST10586,0.06257244502055555,0,Low Risk
CUST10587,0.022435856720945134,0,Low Risk
CUST10588,0.7002997773940571,1,High Risk
CUST10589,0.9953343012879058,1,High Risk
CUST10590,0.1952325880598539,0,Low Risk
CUST10591,0.08992221663822188,0,Low Risk
CUST10592,0.002327608937518166,0,Low Risk
CUST10593,0.8042167975001583,1,High Risk
CUST10594,0.03947867749865704,0,Low Risk
CUST10595,0.09276188759958731,0,Low Risk
CUST10596,0.12071501088607631,0,Low Risk
CUST10597,0.008696611978222038,0,Low Risk
CUST10598,0.034144280073276315,0,Low Risk
CUST10599,0.8300746895937327,1,High Risk
CUST10600,0.009234258623427517,0,Low Risk
CUST10601,0.003279608885732843,0,Low Risk
CUST10602,0.10946428474481928,0,Low Risk
CUST10603,0.7117152995722645,1,High Risk
CUST10604,0.14648473299162446,0,Low Risk
CUST10605,0.0037461198474704055,0,Low Risk
CUST10606,0.001271653769658385,0,Low Risk
CUST10607,0.3340187441146578,0,Low Risk
CUST10608,0.3657591376514119,0,Medium Risk
CUST10609,0.0011588317462550787,0,Low Risk
CUST10610,0.00219564043047063,0,Low Risk
CUST10611,0.049566798525190185,0,Low Risk
CUST10612,0.04057641922036854,0,Low Risk
CUST10613,0.24099002997142682,0,Low Risk
CUST10614,0.8935620023431322,1,High Risk
CUST10615,0.28276912413869787,0,Low Risk
CUST10616,0.23001449729193166,0,Low Risk
CUST10617,0.04302431386509588,0,Low Risk
CUST10618,0.006392003080335234,0,Low Risk
CUST10619,0.07445709424883977,0,Low Risk
CUST10620,0.007003990669022256,0,Low Risk
CUST10621,0.6457385243687792,1,Medium Risk
CUST10622,0.01714886082547603,0,Low Risk
CUST10623,0.003144374273932785,0,Low Risk
CUST10624,0.3660718767691581,0,Medium Risk
CUST10625,0.07866354312063639,0,Low Risk
CUST10626,0.10275911924177088,0,Low Risk
CUST10627,0.024987534117748213,0,Low Risk
CUST10628,0.5948727277752873,1,Medium Risk
CUST10629,0.0015037959625631842,0,Low Risk
CUST10630,0.01168049456694256,0,Low Risk
CUST10631,0.02313071531499981,0,Low Risk
CUST10632,0.0027763139586088987,0,Low Risk
CUST10633,0.0037973652036027094,0,Low Risk
CUST10634,0.0036720332373972792,0,Low Risk
CUST10635,0.017409138862354293,0,Low Risk
CUST10636,0.04104607151317728,0,Low Risk
CUST10637,0.0018843937864979415,0,Low Risk
CUST10638,0.007050496695173343,0,Low Risk
CUST10639,0.0009429642874598844,0,Low Risk
CUST10640,0.0181703347784344,0,Low Risk
CUST10641,0.9815252000156865,1,High Risk
CUST10642,0.009513675673661397,0,Low Risk
CUST10643,0.031059447772902437,0,Low Risk
CUST10644,0.053950700644410036,0,Low Risk
CUST10645,0.025574103074270407,0,Low Risk
CUST10646,0.002011493129673778,0,Low Risk
CUST10647,0.050146542460225416,0,Low Risk
CUST10648,0.0016405715569696242,0,Low Risk
CUST10649,0.9817080996996133,1,High Risk
CUST10650,0.0019442139924528345,0,Low Risk
CUST10651,0.007282638765529776,0,Low Risk
CUST10652,0.9858247590734612,1,High Risk
CUST10653,0.2593788164322352,0,Low Risk
CUST10654,0.008400508160837959,0,Low Risk
CUST10655,0.003020705408163827,0,Low Risk
CUST10656,0.1898631807665372,0,Low Risk
CUST10657,0.03803378117287546,0,Low Risk
CUST10658,0.003961643349953449,0,Low Risk
CUST10659,0.0024881924879678716,0,Low Risk
CUST10660,0.02100204654062086,0,Low Risk
CUST10661,0.05862791289235892,0,Low Risk
CUST10662,0.5353214744316408,1,Medium Risk
CUST10663,0.08899703829628164,0,Low Risk
CUST10664,0.040876174513276575,0,Low Risk
CUST10665,0.0014000380716490458,0,Low Risk
CUST10666,0.0039645596429346225,0,Low Risk
CUST10667,0.0011195538778267966,0,Low Risk
CUST10668,0.002808516614219515,0,Low Risk
CUST10669,0.006743740891751963,0,Low Risk
CUST10670,0.014025646093969567,0,Low Risk
CUST10671,0.03338080463118967,0,Low Risk
CUST10672,0.009224892506019796,0,Low Risk
CUST10673,0.02000388688723195,0,Low Risk
CUST10674,0.0043513658800162155,0,Low Risk
CUST10675,0.019387997791726043,0,Low Risk
CUST10676,0.7780036627531474,1,High Risk
CUST10677,0.6966335514353991,1,High Risk
CUST10678,0.004211145273402749,0,Low Risk
CUST10679,0.001773782165667909,0,Low Risk
CUST10680,0.9723726870821087,1,High Risk
CUST10681,0.9431287137413333,1,High Risk
CUST10682,0.008104891503785005,0,Low Risk
CUST10683,0.007409129402925787,0,Low Risk
CUST10684,0.023153687622433448,0,Low Risk
CUST10685,0.020219159976728778,0,Low Risk
CUST10686,0.9634572471583079,1,High Risk
CUST10687,0.002561471123006163,0,Low Risk
CUST10688,0.0863728678378499,0,Low Risk
CUST10689,0.0038465532388880365,0,Low Risk
CUST10690,0.9918178106660531,1,High Risk
CUST10691,0.2429108176913993,0,Low Risk
CUST10692,0.44309260846312437,0,Medium Risk
CUST10693,0.006880633065005137,0,Low Risk
CUST10694,0.004086033567995673,0,Low Risk
CUST10695,0.0006036163814327242,0,Low Risk
CUST10696,0.0010048516274968236,0,Low Risk
CUST10697,0.9504987081643004,1,High Risk
CUST10698,0.037121638520220164,0,Low Risk
CUST10699,0.0065210148998643995,0,Low Risk
CUST10700,0.3114178376188383,0,Low Risk
CUST10701,0.2577375340458735,0,Low Risk
CUST10702,0.939946467576511,1,High Risk
CUST10703,0.09125991441017646,0,Low Risk
CUST10704,0.11201501564711917,0,Low Risk
CUST10705,0.0030996484849656037,0,Low Risk
CUST10706,0.031131647572629935,0,Low Risk
CUST10707,0.06149475547916394,0,Low Risk
CUST10708,0.013622484506002874,0,Low Risk
CUST10709,0.0061052094710653355,0,Low Risk
CUST10710,0.004890235812928589,0,Low Risk
CUST10711,0.003043589072595687,0,Low Risk
CUST10712,0.03696766095097793,0,Low Risk
CUST10713,0.013390014776988169,0,Low Risk
CUST10714,0.006729513785607406,0,Low Risk
CUST10715,0.01992131285455418,0,Low Risk
CUST10716,0.9378679214917183,1,High Risk
CUST10717,0.015495992434217076,0,Low Risk
CUST10718,0.015016557893889953,0,Low Risk
CUST10719,0.7146791712585742,1,High Risk
CUST10720,0.009831838994224039,0,Low Risk
CUST10721,0.004245200459644249,0,Low Risk
CUST10722,0.0028248077205732824,0,Low Risk
CUST10723,0.0026445195904413474,0,Low Risk
CUST10724,0.002059308814540621,0,Low Risk
CUST10725,0.021884108721668342,0,Low Risk
CUST10726,0.004940600019195045,0,Low Risk
CUST10727,0.043186505350309254,0,Low Risk
CUST10728,0.0011277871935736505,0,Low Risk
CUST10729,0.11296102267857328,0,Low Risk
CUST10730,0.09844694137501488,0,Low Risk
CUST10731,0.030034757156164424,0,Low Risk
CUST10732,0.003092596680425161,0,Low Risk
CUST10733,0.0016071370747297684,0,Low Risk
CUST10734,0.04105054980982084,0,Low Risk
CUST10735,0.9336835205462852,1,High Risk
CUST10736,0.0027633987523220534,0,Low Risk
CUST10737,0.004741354853597573,0,Low Risk
CUST10738,0.003572216453936795,0,Low Risk
CUST10739,0.006187115705618221,0,Low Risk
CUST10740,0.6172062073339473,1,Medium Risk
CUST10741,0.0022106007182849494,0,Low Risk
CUST10742,0.9880111138217015,1,High Risk
CUST10743,0.6692239853076836,1,High Risk
CUST10744,0.8349047884680602,1,High Risk
CUST10745,0.01222572345064698,0,Low Risk
CUST10746,0.03527052292163571,0,Low Risk
CUST10747,0.005183522397558013,0,Low Risk
CUST10748,0.8933007588323036,1,High Risk
CUST10749,0.9633156735766965,1,High Risk
CUST10750,0.005844427404238381,0,Low Risk
CUST10751,0.3324635224871791,0,Low Risk
CUST10752,0.9536561926804512,1,High Risk
CUST10753,0.013191440071928988,0,Low Risk
CUST10754,0.002614896177761379,0,Low Risk
CUST10755,0.012099614132363608,0,Low Risk
CUST10756,0.518675650094657,1,Medium Risk
CUST10757,0.005920381041039261,0,Low Risk
CUST10758,0.9521605158408337,1,High Risk
CUST10759,0.8534316461297294,1,High Risk
CUST10760,0.02017602727665603,0,Low Risk
CUST10761,0.0027900692611002665,0,Low Risk
CUST10762,0.005224740460548942,0,Low Risk
CUST10763,0.0034333572495137033,0,Low Risk
CUST10764,0.7828070194351633,1,High Risk
CUST10765,0.021696566049326446,0,Low Risk
CUST10766,0.0029370319330091414,0,Low Risk
CUST10767,0.009663880769572215,0,Low Risk
CUST10768,0.0015167480376773567,0,Low Risk
CUST10769,0.002908752552218032,0,Low Risk
CUST10770,0.0166730602032316,0,Low Risk
CUST10771,0.07100574398725856,0,Low Risk
CUST10772,0.03235088970177605,0,Low Risk
CUST10773,0.010587193391196537,0,Low Risk
CUST10774,0.003297724888030102,0,Low Risk
CUST10775,0.2294592608776946,0,Low Risk
CUST10776,0.7775860834541066,1,High Risk
CUST10777,0.002923567483246416,0,Low Risk
CUST10778,0.033579277531562673,0,Low Risk
CUST10779,0.9288368595211854,1,High Risk
CUST10780,0.1927286102403999,0,Low Risk
CUST10781,0.05374332953707025,0,Low Risk
CUST10782,0.001375153910232885,0,Low Risk
CUST10783,0.029348232470094687,0,Low Risk
CUST10784,0.9198510145148344,1,High Risk
CUST10785,0.000907056291735995,0,Low Risk
CUST10786,0.003043589072595687,0,Low Risk
CUST10787,0.8950817031969198,1,High Risk
CUST10788,0.02283461318177797,0,Low Risk
CUST10789,0.0016951441607797688,0,Low Risk
CUST10790,0.035016949956910196,0,Low Risk
CUST10791,0.017557448014269367,0,Low Risk
CUST10792,0.012882575843893749,0,Low Risk
CUST10793,0.9814786032376439,1,High Risk
CUST10794,0.015235709486774439,0,Low Risk
CUST10795,0.0018521798069801433,0,Low Risk
CUST10796,0.9910699579001114,1,High Risk
CUST10797,0.0013776069194347687,0,Low Risk
CUST10798,0.0025035263588812323,0,Low Risk
CUST10799,0.0017739423209421985,0,Low Risk
CUST10800,0.0014306818528931726,0,Low Risk
CUST10801,0.01212569027150517,0,Low Risk
CUST10802,0.005801295223382002,0,Low Risk
CUST10803,0.9064631091325948,1,High Risk
CUST10804,0.03900140108987426,0,Low Risk
CUST10805,0.0037341639133213634,0,Low Risk
CUST10806,0.9211268756761418,1,High Risk
CUST10807,0.045240189430103134,0,Low Risk
CUST10808,0.1305041671227676,0,Low Risk
CUST10809,0.022836687924020306,0,Low Risk
CUST10810,0.002817180824713258,0,Low Risk
CUST10811,0.06069214497569189,0,Low Risk
CUST10812,0.01792385674174535,0,Low Risk
CUST10813,0.7025248216121273,1,High Risk
CUST10814,0.0348224191808741,0,Low Risk
CUST10815,0.9759088783265967,1,High Risk
CUST10816,0.0027740139044670157,0,Low Risk
CUST10817,0.001959209250174723,0,Low Risk
CUST10818,0.1111794894862547,0,Low Risk
CUST10819,0.0044493301372762134,0,Low Risk
CUST10820,0.001575560659106056,0,Low Risk
CUST10821,0.856718755974198,1,High Risk
CUST10822,0.0022007670496432944,0,Low Risk
CUST10823,0.002452289037844875,0,Low Risk
CUST10824,0.003356418144887016,0,Low Risk
CUST10825,0.001432692569183856,0,Low Risk
CUST10826,0.002047398015104869,0,Low Risk
CUST10827,0.08332363726176568,0,Low Risk
CUST10828,0.8002033007681767,1,High Risk
CUST10829,0.7764104832960153,1,High Risk
CUST10830,0.01622901751716989,0,Low Risk
CUST10831,0.002592763186149001,0,Low Risk
CUST10832,0.003402589550440472,0,Low Risk
CUST10833,0.0026954881072694626,0,Low Risk
CUST10834,0.005371410960500886,0,Low Risk
CUST10835,0.9106521011678407,1,High Risk
CUST10836,0.8885455958552005,1,High Risk
CUST10837,0.007257322957943195,0,Low Risk
CUST10838,0.7256086257438168,1,High Risk
CUST10839,0.0016548913672907557,0,Low Risk
CUST10840,0.9448954029449151,1,High Risk
CUST10841,0.9249738349023064,1,High Risk
CUST10842,0.005321732013142581,0,Low Risk
CUST10843,0.0011350150408253768,0,Low Risk
CUST10844,0.010627951742455642,0,Low Risk
CUST10845,0.6779172560883187,1,High Risk
CUST10846,0.002502585089291841,0,Low Risk
CUST10847,0.9828923914773936,1,High Risk
CUST10848,0.0018960758692319428,0,Low Risk
CUST10849,0.0028072326919613105,0,Low Risk
CUST10850,0.0215717203466215,0,Low Risk
CUST10851,0.01646465987598893,0,Low Risk
CUST10852,0.0014790513742255016,0,Low Risk
CUST10853,0.0029284835517720174,0,Low Risk
CUST10854,0.004654202243887692,0,Low Risk
CUST10855,0.004261180860085265,0,Low Risk
CUST10856,0.007759630420440601,0,Low Risk
CUST10857,0.992608950200921,1,High Risk
CUST10858,0.5691136901015073,1,Medium Risk
CUST10859,0.9658739335506683,1,High Risk
CUST10860,0.008539253004261678,0,Low Risk
CUST10861,0.9740152336077694,1,High Risk
CUST10862,0.33880019298569614,0,Low Risk
CUST10863,0.0028975131846745504,0,Low Risk
CUST10864,0.0060954979981064465,0,Low Risk
CUST10865,0.0057234464671351085,0,Low Risk
CUST10866,0.9541877175549628,1,High Risk
CUST10867,0.0753194892166518,0,Low Risk
CUST10868,0.9654201153826699,1,High Risk
CUST10869,0.9835932506315977,1,High Risk
CUST10870,0.9132013786003481,1,High Risk
CUST10871,0.0015392560996331823,0,Low Risk
CUST10872,0.0008791334334124478,0,Low Risk
CUST10873,0.0024359315612695587,0,Low Risk
CUST10874,0.0014007735833711512,0,Low Risk
CUST10875,0.01176450756411867,0,Low Risk
CUST10876,0.004820787639069527,0,Low Risk
CUST10877,0.02740837162522755,0,Low Risk
CUST10878,0.003928101662525231,0,Low Risk
CUST10879,0.0034759439146179022,0,Low Risk
CUST10880,0.004530094494328215,0,Low Risk
CUST10881,0.002402784517415624,0,Low Risk
CUST10882,0.0036151173497843934,0,Low Risk
CUST10883,0.0008999695640967256,0,Low Risk
CUST10884,0.01715340254111701,0,Low Risk
CUST10885,0.6892634037496453,1,High Risk
CUST10886,0.002448249816098421,0,Low Risk
CUST10887,0.0033532040265596497,0,Low Risk
CUST10888,0.01846070915118806,0,Low Risk
CUST10889,0.5817238261788261,1,Medium Risk
CUST10890,0.010807300105138392,0,Low Risk
CUST10891,0.0077789070462608466,0,Low Risk
CUST10892,0.9566190363161381,1,High Risk
CUST10893,0.8259761072963978,1,High Risk
CUST10894,0.06996969725589713,0,Low Risk
CUST10895,0.08410940763793244,0,Low Risk
CUST10896,0.01944659087626543,0,Low Risk
CUST10897,0.019785378001614732,0,Low Risk
CUST10898,0.0023787699038831118,0,Low Risk
CUST10899,0.31385281108522983,0,Low Risk
CUST10900,0.002164048776866871,0,Low Risk
CUST10901,0.0019420710017840868,0,Low Risk
CUST10902,0.020657213647380213,0,Low Risk
CUST10903,0.011874527640833651,0,Low Risk
CUST10904,0.0017468029177991214,0,Low Risk
CUST10905,0.05556573777583589,0,Low Risk
CUST10906,0.008483988603164608,0,Low Risk
CUST10907,0.06037803384074095,0,Low Risk
CUST10908,0.42277511562408737,0,Medium Risk
CUST10909,0.41163393598875764,0,Medium Risk
CUST10910,0.014517829599703491,0,Low Risk
CUST10911,0.01459084451966364,0,Low Risk
CUST10912,0.09131341692979593,0,Low Risk
CUST10913,0.024275603006504505,0,Low Risk
CUST10914,0.07839401797133135,0,Low Risk
CUST10915,0.016123645497229135,0,Low Risk
CUST10916,0.021352106955438904,0,Low Risk
CUST10917,0.0025601617877892033,0,Low Risk
CUST10918,0.3767827225936411,0,Medium Risk
CUST10919,0.009657188240808098,0,Low Risk
CUST10920,0.0030112586481991226,0,Low Risk
CUST10921,0.007310901630216452,0,Low Risk
CUST10922,0.003850253270248215,0,Low Risk
CUST10923,0.0014575177628152651,0,Low Risk
CUST10924,0.6584235669025977,1,High Risk
CUST10925,0.8592576501862492,1,High Risk
CUST10926,0.05603190845585448,0,Low Risk
CUST10927,0.002889061038390473,0,Low Risk
CUST10928,0.24100873452487864,0,Low Risk
CUST10929,0.010624663355003837,0,Low Risk
CUST10930,0.0388687833308341,0,Low Risk
CUST10931,0.008239280232869163,0,Low Risk
CUST10932,0.5819337367277028,1,Medium Risk
CUST10933,0.02814888026512177,0,Low Risk
CUST10934,0.0018216836260938883,0,Low Risk
CUST10935,0.002576728493556069,0,Low Risk
CUST10936,0.005908466902682653,0,Low Risk
CUST10937,0.05194263929915287,0,Low Risk
CUST10938,0.0009013207019302224,0,Low Risk
CUST10939,0.005941278436904651,0,Low Risk
CUST10940,0.06290897746804563,0,Low Risk
CUST10941,0.008554979523549427,0,Low Risk
CUST10942,0.003534243657793366,0,Low Risk
CUST10943,0.0008366720956970792,0,Low Risk
CUST10944,0.004064653651640267,0,Low Risk
CUST10945,0.03296959941172084,0,Low Risk
CUST10946,0.9444675291812114,1,High Risk
CUST10947,0.010353902507069477,0,Low Risk
CUST10948,0.8969665428952006,1,High Risk
CUST10949,0.01599884584243047,0,Low Risk
CUST10950,0.00513231875373325,0,Low Risk
CUST10951,0.052362953731655726,0,Low Risk
CUST10952,0.0028915789796972375,0,Low Risk
CUST10953,0.004735842828682715,0,Low Risk
CUST10954,0.0035878193409719598,0,Low Risk
CUST10955,0.0174856205556764,0,Low Risk
CUST10956,0.013415375029056254,0,Low Risk
CUST10957,0.0038298656016265177,0,Low Risk
CUST10958,0.021340669451207783,0,Low Risk
CUST10959,0.009278787356388315,0,Low Risk
CUST10960,0.010037689323605924,0,Low Risk
CUST10961,0.021954771033705876,0,Low Risk
CUST10962,0.0019819527976731423,0,Low Risk
CUST10963,0.0018815420490439676,0,Low Risk
CUST10964,0.016610060092697106,0,Low Risk
CUST10965,0.0010711129458056729,0,Low Risk
CUST10966,0.0030306217406529815,0,Low Risk
CUST10967,0.13086526501033677,0,Low Risk
CUST10968,0.5136055201446023,1,Medium Risk
CUST10969,0.9828664582276233,1,High Risk
CUST10970,0.049884211450730735,0,Low Risk
CUST10971,0.009480850872881426,0,Low Risk
CUST10972,0.05721235314818519,0,Low Risk
CUST10973,0.005674088450699133,0,Low Risk
CUST10974,0.019939002328847412,0,Low Risk
CUST10975,0.006954959743128305,0,Low Risk
CUST10976,0.0029079413610824502,0,Low Risk
CUST10977,0.010632867313971995,0,Low Risk
CUST10978,0.01778660990964251,0,Low Risk
CUST10979,0.010963258319728164,0,Low Risk
CUST10980,0.005093331142995582,0,Low Risk
CUST10981,0.08883957659971804,0,Low Risk
CUST10982,0.011604592086327848,0,Low Risk
CUST10983,0.007232172367779535,0,Low Risk
CUST10984,0.006287262006697475,0,Low Risk
CUST10985,0.025578365542353175,0,Low Risk
CUST10986,0.008245871055578096,0,Low Risk
CUST10987,0.008424153180646925,0,Low Risk
CUST10988,0.017805125374470248,0,Low Risk
CUST10989,0.005241528995397367,0,Low Risk
CUST10990,0.010921053928287116,0,Low Risk
CUST10991,0.04304213632185923,0,Low Risk
CUST10992,0.9935118585087935,1,High Risk
CUST10993,0.9944940659787785,1,High Risk
CUST10994,0.001781690133456812,0,Low Risk
CUST10995,0.006039688882442131,0,Low Risk
CUST10996,0.0026685765714294014,0,Low Risk
CUST10997,0.002276770783335763,0,Low Risk
CUST10998,0.0021628773072740375,0,Low Risk
CUST10999,0.002172087553634591,0,Low Risk
